,Column,Metric,Score
0,0,RangeCoverage,1.0
1,1,RangeCoverage,1.0
2,2,RangeCoverage,1.0
3,3,RangeCoverage,0.7807874256065924
4,4,RangeCoverage,0.9644065066838461
5,5,RangeCoverage,0.9970010370245803
6,6,RangeCoverage,0.9964532387530334
7,7,RangeCoverage,0.9917863201886871
8,8,RangeCoverage,0.9602042878173698
9,9,CategoryCoverage,1.0
