,Column,Metric,Score
0,0,KSComplement,0.8264476051390666
1,1,KSComplement,0.8395028382656362
2,2,KSComplement,0.9407737949726043
3,3,KSComplement,0.7818694559237496
4,4,KSComplement,0.7715854630176194
5,5,KSComplement,0.7028665833873782
6,6,KSComplement,0.75333686544843
7,7,KSComplement,0.7242003714881058
8,8,KSComplement,0.5974513775511434
9,9,TVComplement,0.7709449257852959
