,Column,Metric,Score
0,0,KSComplement,0.8610664923373422
1,1,KSComplement,0.8976327343808143
2,2,KSComplement,0.881998428607074
3,3,KSComplement,0.9171981094160138
4,4,KSComplement,0.919101693488626
5,5,KSComplement,0.88987638834945
6,6,KSComplement,0.8701838717072836
7,7,KSComplement,0.9374932756413428
8,8,KSComplement,0.9623247748886912
9,9,TVComplement,0.948879080216932
