,Column,Metric,Score
0,0,RangeCoverage,1.0
1,1,RangeCoverage,1.0
2,2,RangeCoverage,0.9803921568627451
3,3,RangeCoverage,0.23630398290859156
4,4,RangeCoverage,0.2982766951199871
5,5,RangeCoverage,0.19311079346394233
6,6,RangeCoverage,0.5124136643643831
7,7,RangeCoverage,0.7027489276009986
8,8,RangeCoverage,0.9690702306382242
9,9,CategoryCoverage,1.0
