,Column,Metric,Score
0,0,KSComplement,0.8778252056151827
1,1,KSComplement,0.9179009751900923
2,2,KSComplement,0.8601590487124146
3,3,KSComplement,0.9492248588014844
4,4,KSComplement,0.9293766301612785
5,5,KSComplement,0.9281085476869915
6,6,KSComplement,0.9076216876124564
7,7,KSComplement,0.8758949466951201
8,8,KSComplement,0.9030582215750824
9,9,TVComplement,0.9406889821172938
