,Column,Metric,Score
0,0,KSComplement,0.8743787617027055
1,1,KSComplement,0.9124788420563068
2,2,KSComplement,0.9239749591862267
3,3,KSComplement,0.8965581430370163
4,4,KSComplement,0.8914566590622929
5,5,KSComplement,0.9227842960237327
6,6,KSComplement,0.9173462624166849
7,7,KSComplement,0.8689257069538759
8,8,KSComplement,0.9136894700274982
9,9,TVComplement,0.9406316941528209
