,Column,Metric,Score
0,0,KSComplement,0.8815045718317609
1,1,KSComplement,0.9156032009736375
2,2,KSComplement,0.8738529037145432
3,3,KSComplement,0.9467209624825663
4,4,KSComplement,0.9523040575574079
5,5,KSComplement,0.941653905565268
6,6,KSComplement,0.9396802596485812
7,7,KSComplement,0.9092501038865
8,8,KSComplement,0.9637255905560329
9,9,TVComplement,0.8854349614478192
