,Column,Metric,Score
0,0,RangeCoverage,1.0
1,1,RangeCoverage,1.0
2,2,RangeCoverage,0.9878945092952875
3,3,RangeCoverage,0.9976133651551312
4,4,RangeCoverage,0.9973309608540926
5,5,RangeCoverage,0.7144372470858248
6,6,RangeCoverage,0.8902948775743246
7,7,RangeCoverage,0.8886867695479171
8,8,RangeCoverage,0.9997188888888889
9,9,RangeCoverage,0.9683087963904232
10,10,CategoryCoverage,1.0
