,Column,Metric,Score
0,0,KSComplement,0.9164609623712807
1,1,KSComplement,0.9254352175587398
2,2,KSComplement,0.9204993404260616
3,3,KSComplement,0.9520660887937162
4,4,KSComplement,0.9324095155653681
5,5,KSComplement,0.9422273780734804
6,6,KSComplement,0.9461315106769366
7,7,KSComplement,0.9662463961339168
8,8,KSComplement,0.8953949570865589
9,9,KSComplement,0.9604571360565163
10,10,TVComplement,0.918492859709961
