{
    "best_f1_scores": {
        "XGBClassifier": {
            "binary_f1": 0.3233082706766917, 
            "roc_auc": 0.6343747329078709, 
            "weighted_f1": 0.441328280181816, 
            "accuracy": 0.76
        }
    }, 
    "best_weighted_scores": {
        "XGBClassifier": {
            "binary_f1": 0.3233082706766917, 
            "roc_auc": 0.6343747329078709, 
            "weighted_f1": 0.441328280181816, 
            "accuracy": 0.76
        }
    }, 
    "best_auroc_scores": {
        "XGBClassifier": {
            "binary_f1": 0.3008474576271186, 
            "roc_auc": 0.6533727349784173, 
            "weighted_f1": 0.4272694298433813, 
            "accuracy": 0.78
        }
    }, 
    "best_acc_scores": {
        "XGBClassifier": {
            "binary_f1": 0.3194706994328923, 
            "roc_auc": 0.6514445306279564, 
            "weighted_f1": 0.43838330302587536, 
            "accuracy": 0.76
        }
    }, 
    "best_avg_scores": {
        "XGBClassifier": {
            "binary_f1": 0.3233082706766917, 
            "roc_auc": 0.6343747329078709, 
            "weighted_f1": 0.441328280181816, 
            "accuracy": 0.76
        }
    }
}