{
    "best_f1_scores": {
        "XGBClassifier": {
            "binary_f1": 0.36984126984126986, 
            "roc_auc": 0.6335524907927519, 
            "weighted_f1": 0.47270338222490127, 
            "accuracy": 0.7353333333333333
        }
    }, 
    "best_weighted_scores": {
        "XGBClassifier": {
            "binary_f1": 0.36984126984126986, 
            "roc_auc": 0.6335524907927519, 
            "weighted_f1": 0.47270338222490127, 
            "accuracy": 0.7353333333333333
        }
    }, 
    "best_auroc_scores": {
        "XGBClassifier": {
            "binary_f1": 0.2706913339824732, 
            "roc_auc": 0.6342401024091469, 
            "weighted_f1": 0.39935460105145526, 
            "accuracy": 0.7503333333333333
        }
    }, 
    "best_acc_scores": {
        "XGBClassifier": {
            "binary_f1": 0.2706913339824732, 
            "roc_auc": 0.6342401024091469, 
            "weighted_f1": 0.39935460105145526, 
            "accuracy": 0.7503333333333333
        }
    }, 
    "best_avg_scores": {
        "XGBClassifier": {
            "binary_f1": 0.36984126984126986, 
            "roc_auc": 0.6335524907927519, 
            "weighted_f1": 0.47270338222490127, 
            "accuracy": 0.7353333333333333
        }
    }
}