,Column,Metric,Score
0,0,RangeCoverage,1.0
1,1,RangeCoverage,1.0
2,2,RangeCoverage,0.9803921568627451
3,3,RangeCoverage,0.26692608983162924
4,4,RangeCoverage,0.30568529553873414
5,5,RangeCoverage,0.20768519297065502
6,6,RangeCoverage,0.44297181258166884
7,7,RangeCoverage,0.46206259224010704
8,8,RangeCoverage,0.938142523123616
9,9,CategoryCoverage,1.0
