,Column,Metric,Score
0,0,KSComplement,0.8864913160687808
1,1,KSComplement,0.8994918290692939
2,2,KSComplement,0.8971295168478267
3,3,KSComplement,0.862633179534588
4,4,KSComplement,0.855874046014891
5,5,KSComplement,0.9262296515817643
6,6,KSComplement,0.8702618280083069
7,7,KSComplement,0.7852862782440247
8,8,KSComplement,0.8859857310561536
9,9,TVComplement,0.9254114747072493
