,Column,Metric,Score
0,0,KSComplement,0.7822254000333428
1,1,KSComplement,0.8202015664193957
2,2,KSComplement,0.7721626555709401
3,3,KSComplement,0.7665553877924988
4,4,KSComplement,0.7908638103353149
5,5,KSComplement,0.6360675494484245
6,6,KSComplement,0.8107845598145442
7,7,KSComplement,0.6254645292461067
8,8,KSComplement,0.398921271887799
9,9,TVComplement,0.6184362258617393
