{
    "best_f1_scores": {
        "XGBClassifier": {
            "binary_f1": 0.6776045939294504, 
            "roc_auc": 0.8328396333870671, 
            "weighted_f1": 0.7381547378870564, 
            "accuracy": 0.7933753943217665
        }
    }, 
    "best_weighted_scores": {
        "XGBClassifier": {
            "binary_f1": 0.6776045939294504, 
            "roc_auc": 0.8328396333870671, 
            "weighted_f1": 0.7381547378870564, 
            "accuracy": 0.7933753943217665
        }
    }, 
    "best_auroc_scores": {
        "XGBClassifier": {
            "binary_f1": 0.6666666666666667, 
            "roc_auc": 0.8638250866337829, 
            "weighted_f1": 0.7368819082897728, 
            "accuracy": 0.8070452155625657
        }
    }, 
    "best_acc_scores": {
        "XGBClassifier": {
            "binary_f1": 0.6666666666666667, 
            "roc_auc": 0.8638250866337829, 
            "weighted_f1": 0.7368819082897728, 
            "accuracy": 0.8070452155625657
        }
    }, 
    "best_avg_scores": {
        "XGBClassifier": {
            "binary_f1": 0.6683209263854425, 
            "roc_auc": 0.8381553037250113, 
            "weighted_f1": 0.7312831595313916, 
            "accuracy": 0.7891692954784437
        }
    }
}