,Column,Metric,Score
0,0,RangeCoverage,1.0
1,1,RangeCoverage,0.9914984059511153
2,2,RangeCoverage,0.9607843137254902
3,3,RangeCoverage,0.23704155857368125
4,4,RangeCoverage,0.25285875342245123
5,5,RangeCoverage,0.6129656100227024
6,6,RangeCoverage,0.5516147097255927
7,7,RangeCoverage,0.586198811050882
8,8,RangeCoverage,0.9484517589618187
9,9,CategoryCoverage,0.8
