,Column,Metric,Score
0,0,KSComplement,0.8812647380605477
1,1,KSComplement,0.9100625146150543
2,2,KSComplement,0.8520224849406319
3,3,KSComplement,0.8793084285129277
4,4,KSComplement,0.8500966728397114
5,5,KSComplement,0.9277107228534637
6,6,KSComplement,0.8787767428043782
7,7,KSComplement,0.7770273387787043
8,8,KSComplement,0.8732028125748373
9,9,TVComplement,0.9121497869760126
