,Column,Metric,Score
0,0,RangeCoverage,1.0
1,1,RangeCoverage,0.9968119022316683
2,2,RangeCoverage,0.9607843137254902
3,3,RangeCoverage,0.7623734676229716
4,4,RangeCoverage,0.8529553873409567
5,5,RangeCoverage,0.5043302783149752
6,6,RangeCoverage,0.9326115363076348
7,7,RangeCoverage,0.895691093915946
8,8,RangeCoverage,1.0
9,9,CategoryCoverage,1.0
