,Column,Metric,Score
0,0,KSComplement,0.8622499552917884
1,1,KSComplement,0.8907681398326763
2,2,KSComplement,0.9414811850800919
3,3,KSComplement,0.9354039525576209
4,4,KSComplement,0.9319458501716227
5,5,KSComplement,0.9384555822226623
6,6,KSComplement,0.9116788129611337
7,7,KSComplement,0.9726049723106691
8,8,KSComplement,0.8947255673343544
9,9,TVComplement,0.8426456006443392
