,Column,Metric,Score
0,0,RangeCoverage,1.0
1,1,RangeCoverage,0.9946865037194469
2,2,RangeCoverage,0.9803921568627451
3,3,RangeCoverage,0.622742764128389
4,4,RangeCoverage,0.8047994846191013
5,5,RangeCoverage,0.36416379382830233
6,6,RangeCoverage,0.8954638790367743
7,7,RangeCoverage,0.6437911201224811
8,8,RangeCoverage,0.9855650079793485
9,9,CategoryCoverage,1.0
