,Column,Metric,Score
0,0,KSComplement,0.8889665058536153
1,1,KSComplement,0.882496626072804
2,2,KSComplement,0.7948852671523723
3,3,KSComplement,0.9023010611342633
4,4,KSComplement,0.8970219174837749
5,5,KSComplement,0.8683855085513769
6,6,KSComplement,0.9165523529432873
7,7,KSComplement,0.9243808577904524
8,8,KSComplement,0.9130292248759397
9,9,TVComplement,0.8588084412635781
