,Column,Metric,Score
0,0,RangeCoverage,1.0
1,1,RangeCoverage,0.9914984059511153
2,2,RangeCoverage,0.9803921568627451
3,3,RangeCoverage,0.4567373721959408
4,4,RangeCoverage,0.5137703333870188
5,5,RangeCoverage,0.2796603043807281
6,6,RangeCoverage,0.5771887250326675
7,7,RangeCoverage,0.7706790251168949
8,8,RangeCoverage,0.9690702306382242
9,9,CategoryCoverage,1.0
