,Column,Metric,Score
0,0,KSComplement,0.876803315003589
1,1,KSComplement,0.8942388441317176
2,2,KSComplement,0.8686657113266646
3,3,KSComplement,0.9434849441733639
4,4,KSComplement,0.943371382843126
5,5,KSComplement,0.9356384448091799
6,6,KSComplement,0.927613046344387
7,7,KSComplement,0.9160152259516525
8,8,KSComplement,0.9625456723626792
9,9,TVComplement,0.9219374208450812
