,Column,Metric,Score
0,0,RangeCoverage,1.0
1,1,RangeCoverage,1.0
2,2,RangeCoverage,1.0
3,3,RangeCoverage,0.21066687013581564
4,4,RangeCoverage,0.24126268320180388
5,5,RangeCoverage,0.9975615908517615
6,6,RangeCoverage,0.9945865223072615
7,7,RangeCoverage,0.7310243996634529
8,8,RangeCoverage,0.8762871080943996
9,9,CategoryCoverage,0.8
