,Column,Metric,Score
0,0,KSComplement,0.7796796255566497
1,1,KSComplement,0.8082573785372072
2,2,KSComplement,0.7211029002925757
3,3,KSComplement,0.8041428712769533
4,4,KSComplement,0.7965925808452333
5,5,KSComplement,0.687020419935975
6,6,KSComplement,0.766277436017462
7,7,KSComplement,0.6061094750428994
8,8,KSComplement,0.40208542599806485
9,9,TVComplement,0.5742472935002563
