,Column,Metric,Score
0,0,KSComplement,0.9518444737407871
1,1,KSComplement,0.9666455572138846
2,2,KSComplement,0.9548762332556059
3,3,KSComplement,0.9426729549773427
4,4,KSComplement,0.9490465774244701
5,5,KSComplement,0.9468835047331544
6,6,KSComplement,0.9457782609989155
7,7,KSComplement,0.9594019963193878
8,8,KSComplement,0.9715631111988844
9,9,TVComplement,0.9627518043423261
