{
    "best_f1_scores": {
        "XGBClassifier": {
            "binary_f1": 0.6451051125761911, 
            "roc_auc": 0.881162037394242, 
            "weighted_f1": 0.7014581013235845, 
            "accuracy": 0.8247650635710337
        }
    }, 
    "best_weighted_scores": {
        "XGBClassifier": {
            "binary_f1": 0.6451051125761911, 
            "roc_auc": 0.881162037394242, 
            "weighted_f1": 0.7014581013235845, 
            "accuracy": 0.8247650635710337
        }
    }, 
    "best_auroc_scores": {
        "XGBClassifier": {
            "binary_f1": 0.6427358719379094, 
            "roc_auc": 0.8739296970350869, 
            "weighted_f1": 0.6985111003760127, 
            "accuracy": 0.8190528837295007
        }
    }, 
    "best_acc_scores": {
        "XGBClassifier": {
            "binary_f1": 0.6451051125761911, 
            "roc_auc": 0.881162037394242, 
            "weighted_f1": 0.7014581013235845, 
            "accuracy": 0.8247650635710337
        }
    }, 
    "best_avg_scores": {
        "XGBClassifier": {
            "binary_f1": 0.6451051125761911, 
            "roc_auc": 0.881162037394242, 
            "weighted_f1": 0.7014581013235845, 
            "accuracy": 0.8247650635710337
        }
    }
}