{
    "best_f1_scores": {
        "XGBClassifier": {
            "binary_f1": 0.6209248397217296, 
            "roc_auc": 0.8820161198084433, 
            "weighted_f1": 0.6844538512829393, 
            "accuracy": 0.8293102389288127
        }
    }, 
    "best_weighted_scores": {
        "XGBClassifier": {
            "binary_f1": 0.6209248397217296, 
            "roc_auc": 0.8820161198084433, 
            "weighted_f1": 0.6844538512829393, 
            "accuracy": 0.8293102389288127
        }
    }, 
    "best_auroc_scores": {
        "XGBClassifier": {
            "binary_f1": 0.6361392925692351, 
            "roc_auc": 0.8908413819463916, 
            "weighted_f1": 0.6972809535002422, 
            "accuracy": 0.8369879000061421
        }
    }, 
    "best_acc_scores": {
        "XGBClassifier": {
            "binary_f1": 0.6209248397217296, 
            "roc_auc": 0.8820161198084433, 
            "weighted_f1": 0.6844538512829393, 
            "accuracy": 0.8293102389288127
        }
    }, 
    "best_avg_scores": {
        "XGBClassifier": {
            "binary_f1": 0.6209248397217296, 
            "roc_auc": 0.8820161198084433, 
            "weighted_f1": 0.6844538512829393, 
            "accuracy": 0.8293102389288127
        }
    }
}