{
    "best_f1_scores": {
        "XGBClassifier": {
            "binary_f1": 0.5534739637114618, 
            "roc_auc": 0.8617950315117551, 
            "weighted_f1": 0.6312214871207755, 
            "accuracy": 0.8140777593513912
        }
    }, 
    "best_weighted_scores": {
        "XGBClassifier": {
            "binary_f1": 0.5534739637114618, 
            "roc_auc": 0.8617950315117551, 
            "weighted_f1": 0.6312214871207755, 
            "accuracy": 0.8140777593513912
        }
    }, 
    "best_auroc_scores": {
        "XGBClassifier": {
            "binary_f1": 0.5924600990643919, 
            "roc_auc": 0.8638283609350003, 
            "weighted_f1": 0.661068957244638, 
            "accuracy": 0.8180701431116025
        }
    }, 
    "best_acc_scores": {
        "XGBClassifier": {
            "binary_f1": 0.5534739637114618, 
            "roc_auc": 0.8617950315117551, 
            "weighted_f1": 0.6312214871207755, 
            "accuracy": 0.8140777593513912
        }
    }, 
    "best_avg_scores": {
        "XGBClassifier": {
            "binary_f1": 0.5534739637114618, 
            "roc_auc": 0.8617950315117551, 
            "weighted_f1": 0.6312214871207755, 
            "accuracy": 0.8140777593513912
        }
    }
}