{
    "best_f1_scores": {
        "XGBClassifier": {
            "binary_f1": 0.6031701890989989, 
            "roc_auc": 0.8751764087451315, 
            "weighted_f1": 0.6703375253972581, 
            "accuracy": 0.8247036422824151
        }
    }, 
    "best_weighted_scores": {
        "XGBClassifier": {
            "binary_f1": 0.6031701890989989, 
            "roc_auc": 0.8751764087451315, 
            "weighted_f1": 0.6703375253972581, 
            "accuracy": 0.8247036422824151
        }
    }, 
    "best_auroc_scores": {
        "XGBClassifier": {
            "binary_f1": 0.5903495118154803, 
            "roc_auc": 0.8748275797537732, 
            "weighted_f1": 0.6602958313650951, 
            "accuracy": 0.8221853694490511
        }
    }, 
    "best_acc_scores": {
        "XGBClassifier": {
            "binary_f1": 0.6031701890989989, 
            "roc_auc": 0.8751764087451315, 
            "weighted_f1": 0.6703375253972581, 
            "accuracy": 0.8247036422824151
        }
    }, 
    "best_avg_scores": {
        "XGBClassifier": {
            "binary_f1": 0.6031701890989989, 
            "roc_auc": 0.8751764087451315, 
            "weighted_f1": 0.6703375253972581, 
            "accuracy": 0.8247036422824151
        }
    }
}