{
    "best_f1_scores": {
        "XGBClassifier": {
            "binary_f1": 0.5943028485757121, 
            "roc_auc": 0.8795829891096729, 
            "weighted_f1": 0.6654509206789112, 
            "accuracy": 0.8337939929979731
        }
    }, 
    "best_weighted_scores": {
        "XGBClassifier": {
            "binary_f1": 0.5943028485757121, 
            "roc_auc": 0.8795829891096729, 
            "weighted_f1": 0.6654509206789112, 
            "accuracy": 0.8337939929979731
        }
    }, 
    "best_auroc_scores": {
        "XGBClassifier": {
            "binary_f1": 0.5942006512637619, 
            "roc_auc": 0.8900761599422562, 
            "weighted_f1": 0.6663869286639996, 
            "accuracy": 0.8392604876850316
        }
    }, 
    "best_acc_scores": {
        "XGBClassifier": {
            "binary_f1": 0.5943028485757121, 
            "roc_auc": 0.8795829891096729, 
            "weighted_f1": 0.6654509206789112, 
            "accuracy": 0.8337939929979731
        }
    }, 
    "best_avg_scores": {
        "XGBClassifier": {
            "binary_f1": 0.5943028485757121, 
            "roc_auc": 0.8795829891096729, 
            "weighted_f1": 0.6654509206789112, 
            "accuracy": 0.8337939929979731
        }
    }
}