{
    "best_f1_scores": {
        "XGBClassifier": {
            "binary_f1": 0.621443150438228, 
            "roc_auc": 0.8683044185458613, 
            "weighted_f1": 0.6801323919766746, 
            "accuracy": 0.8063386769854431
        }
    }, 
    "best_weighted_scores": {
        "XGBClassifier": {
            "binary_f1": 0.621443150438228, 
            "roc_auc": 0.8683044185458613, 
            "weighted_f1": 0.6801323919766746, 
            "accuracy": 0.8063386769854431
        }
    }, 
    "best_auroc_scores": {
        "XGBClassifier": {
            "binary_f1": 0.6246498599439776, 
            "roc_auc": 0.8773950491594251, 
            "weighted_f1": 0.6851324224279558, 
            "accuracy": 0.8189300411522634
        }
    }, 
    "best_acc_scores": {
        "XGBClassifier": {
            "binary_f1": 0.621443150438228, 
            "roc_auc": 0.8683044185458613, 
            "weighted_f1": 0.6801323919766746, 
            "accuracy": 0.8063386769854431
        }
    }, 
    "best_avg_scores": {
        "XGBClassifier": {
            "binary_f1": 0.625612668090989, 
            "roc_auc": 0.8778563036369464, 
            "weighted_f1": 0.6854521805670561, 
            "accuracy": 0.8170259812050856
        }
    }
}