{
    "best_f1_scores": {
        "XGBClassifier": {
            "binary_f1": 0.6292335115864528, 
            "roc_auc": 0.8737565658637604, 
            "weighted_f1": 0.6889774810414544, 
            "accuracy": 0.8211412075425343
        }
    }, 
    "best_weighted_scores": {
        "XGBClassifier": {
            "binary_f1": 0.6292335115864528, 
            "roc_auc": 0.8737565658637604, 
            "weighted_f1": 0.6889774810414544, 
            "accuracy": 0.8211412075425343
        }
    }, 
    "best_auroc_scores": {
        "XGBClassifier": {
            "binary_f1": 0.6206110351117191, 
            "roc_auc": 0.8633725533983161, 
            "weighted_f1": 0.677186815888648, 
            "accuracy": 0.795589951477182
        }
    }, 
    "best_acc_scores": {
        "XGBClassifier": {
            "binary_f1": 0.6184069532087153, 
            "roc_auc": 0.8574268411025947, 
            "weighted_f1": 0.6772160119590259, 
            "accuracy": 0.8031447699772741
        }
    }, 
    "best_avg_scores": {
        "XGBClassifier": {
            "binary_f1": 0.6292335115864528, 
            "roc_auc": 0.8737565658637604, 
            "weighted_f1": 0.6889774810414544, 
            "accuracy": 0.8211412075425343
        }
    }
}