{
    "best_f1_scores": {
        "XGBClassifier": {
            "binary_f1": 0.6220307692307692, 
            "roc_auc": 0.8721524783789906, 
            "weighted_f1": 0.6816304555964207, 
            "accuracy": 0.8113752226521712
        }
    }, 
    "best_weighted_scores": {
        "XGBClassifier": {
            "binary_f1": 0.6220307692307692, 
            "roc_auc": 0.8721524783789906, 
            "weighted_f1": 0.6816304555964207, 
            "accuracy": 0.8113752226521712
        }
    }, 
    "best_auroc_scores": {
        "XGBClassifier": {
            "binary_f1": 0.6325799678893418, 
            "roc_auc": 0.8718450346377347, 
            "weighted_f1": 0.6906485779295184, 
            "accuracy": 0.8172716663595603
        }
    }, 
    "best_acc_scores": {
        "XGBClassifier": {
            "binary_f1": 0.6220307692307692, 
            "roc_auc": 0.8721524783789906, 
            "weighted_f1": 0.6816304555964207, 
            "accuracy": 0.8113752226521712
        }
    }, 
    "best_avg_scores": {
        "XGBClassifier": {
            "binary_f1": 0.6220307692307692, 
            "roc_auc": 0.8721524783789906, 
            "weighted_f1": 0.6816304555964207, 
            "accuracy": 0.8113752226521712
        }
    }
}