{
    "best_f1_scores": {
        "XGBClassifier": {
            "binary_f1": 0.6019837232960326, 
            "roc_auc": 0.8568670607700867, 
            "weighted_f1": 0.666068455358394, 
            "accuracy": 0.8077513666236718
        }
    }, 
    "best_weighted_scores": {
        "XGBClassifier": {
            "binary_f1": 0.6019837232960326, 
            "roc_auc": 0.8568670607700867, 
            "weighted_f1": 0.666068455358394, 
            "accuracy": 0.8077513666236718
        }
    }, 
    "best_auroc_scores": {
        "XGBClassifier": {
            "binary_f1": 0.6112930695663567, 
            "roc_auc": 0.869092729933564, 
            "weighted_f1": 0.6750006786541564, 
            "accuracy": 0.8177630366685094
        }
    }, 
    "best_acc_scores": {
        "XGBClassifier": {
            "binary_f1": 0.6019837232960326, 
            "roc_auc": 0.8568670607700867, 
            "weighted_f1": 0.666068455358394, 
            "accuracy": 0.8077513666236718
        }
    }, 
    "best_avg_scores": {
        "XGBClassifier": {
            "binary_f1": 0.6019837232960326, 
            "roc_auc": 0.8568670607700867, 
            "weighted_f1": 0.666068455358394, 
            "accuracy": 0.8077513666236718
        }
    }
}