{
    "best_f1_scores": {
        "XGBClassifier": {
            "binary_f1": 0.664953871306785, 
            "roc_auc": 0.8941134356270914, 
            "weighted_f1": 0.7158605111694346, 
            "accuracy": 0.8237823229531356
        }
    }, 
    "best_weighted_scores": {
        "XGBClassifier": {
            "binary_f1": 0.664953871306785, 
            "roc_auc": 0.8941134356270914, 
            "weighted_f1": 0.7158605111694346, 
            "accuracy": 0.8237823229531356
        }
    }, 
    "best_auroc_scores": {
        "XGBClassifier": {
            "binary_f1": 0.6571227411405773, 
            "roc_auc": 0.8882441582343631, 
            "weighted_f1": 0.7094066645200826, 
            "accuracy": 0.8205269946563479
        }
    }, 
    "best_acc_scores": {
        "XGBClassifier": {
            "binary_f1": 0.664953871306785, 
            "roc_auc": 0.8941134356270914, 
            "weighted_f1": 0.7158605111694346, 
            "accuracy": 0.8237823229531356
        }
    }, 
    "best_avg_scores": {
        "XGBClassifier": {
            "binary_f1": 0.664953871306785, 
            "roc_auc": 0.8941134356270914, 
            "weighted_f1": 0.7158605111694346, 
            "accuracy": 0.8237823229531356
        }
    }
}