{
    "best_f1_scores": {
        "XGBClassifier": {
            "binary_f1": 0.6415695892090741, 
            "roc_auc": 0.8799424192488408, 
            "weighted_f1": 0.6979496404299688, 
            "accuracy": 0.8204655733677293
        }
    }, 
    "best_weighted_scores": {
        "XGBClassifier": {
            "binary_f1": 0.6415695892090741, 
            "roc_auc": 0.8799424192488408, 
            "weighted_f1": 0.6979496404299688, 
            "accuracy": 0.8204655733677293
        }
    }, 
    "best_auroc_scores": {
        "XGBClassifier": {
            "binary_f1": 0.6473658051689862, 
            "roc_auc": 0.880681739533353, 
            "weighted_f1": 0.7033192148087581, 
            "accuracy": 0.8256863829003133
        }
    }, 
    "best_acc_scores": {
        "XGBClassifier": {
            "binary_f1": 0.6415695892090741, 
            "roc_auc": 0.8799424192488408, 
            "weighted_f1": 0.6979496404299688, 
            "accuracy": 0.8204655733677293
        }
    }, 
    "best_avg_scores": {
        "XGBClassifier": {
            "binary_f1": 0.6415695892090741, 
            "roc_auc": 0.8799424192488408, 
            "weighted_f1": 0.6979496404299688, 
            "accuracy": 0.8204655733677293
        }
    }
}