{
    "best_f1_scores": {
        "XGBClassifier": {
            "binary_f1": 0.597651775486827, 
            "roc_auc": 0.8721422588306829, 
            "weighted_f1": 0.6667451710487187, 
            "accuracy": 0.827406178981635
        }
    }, 
    "best_weighted_scores": {
        "XGBClassifier": {
            "binary_f1": 0.597651775486827, 
            "roc_auc": 0.8721422588306829, 
            "weighted_f1": 0.6667451710487187, 
            "accuracy": 0.827406178981635
        }
    }, 
    "best_auroc_scores": {
        "XGBClassifier": {
            "binary_f1": 0.6020437956204379, 
            "roc_auc": 0.8730494619865212, 
            "weighted_f1": 0.6710066716000159, 
            "accuracy": 0.8325655672256004
        }
    }, 
    "best_acc_scores": {
        "XGBClassifier": {
            "binary_f1": 0.597651775486827, 
            "roc_auc": 0.8721422588306829, 
            "weighted_f1": 0.6667451710487187, 
            "accuracy": 0.827406178981635
        }
    }, 
    "best_avg_scores": {
        "XGBClassifier": {
            "binary_f1": 0.597651775486827, 
            "roc_auc": 0.8721422588306829, 
            "weighted_f1": 0.6667451710487187, 
            "accuracy": 0.827406178981635
        }
    }
}