{
    "best_f1_scores": {
        "XGBClassifier": {
            "binary_f1": 0.6425615334349813, 
            "roc_auc": 0.8746996184632267, 
            "weighted_f1": 0.6938372994304953, 
            "accuracy": 0.7984153307536392
        }
    }, 
    "best_weighted_scores": {
        "XGBClassifier": {
            "binary_f1": 0.6425615334349813, 
            "roc_auc": 0.8746996184632267, 
            "weighted_f1": 0.6938372994304953, 
            "accuracy": 0.7984153307536392
        }
    }, 
    "best_auroc_scores": {
        "XGBClassifier": {
            "binary_f1": 0.6419917750361231, 
            "roc_auc": 0.8772720172980623, 
            "weighted_f1": 0.6942739560781117, 
            "accuracy": 0.802162029359376
        }
    }, 
    "best_acc_scores": {
        "XGBClassifier": {
            "binary_f1": 0.6425615334349813, 
            "roc_auc": 0.8746996184632267, 
            "weighted_f1": 0.6938372994304953, 
            "accuracy": 0.7984153307536392
        }
    }, 
    "best_avg_scores": {
        "XGBClassifier": {
            "binary_f1": 0.6425615334349813, 
            "roc_auc": 0.8746996184632267, 
            "weighted_f1": 0.6938372994304953, 
            "accuracy": 0.7984153307536392
        }
    }
}