{
    "best_f1_scores": {
        "XGBClassifier": {
            "binary_f1": 0.6449060336300693, 
            "roc_auc": 0.8800002237323108, 
            "weighted_f1": 0.7010676361395431, 
            "accuracy": 0.8235980590872797
        }
    }, 
    "best_weighted_scores": {
        "XGBClassifier": {
            "binary_f1": 0.6449060336300693, 
            "roc_auc": 0.8800002237323108, 
            "weighted_f1": 0.7010676361395431, 
            "accuracy": 0.8235980590872797
        }
    }, 
    "best_auroc_scores": {
        "XGBClassifier": {
            "binary_f1": 0.6449060336300693, 
            "roc_auc": 0.8800002237323108, 
            "weighted_f1": 0.7010676361395431, 
            "accuracy": 0.8235980590872797
        }
    }, 
    "best_acc_scores": {
        "XGBClassifier": {
            "binary_f1": 0.6449060336300693, 
            "roc_auc": 0.8800002237323108, 
            "weighted_f1": 0.7010676361395431, 
            "accuracy": 0.8235980590872797
        }
    }, 
    "best_avg_scores": {
        "XGBClassifier": {
            "binary_f1": 0.6449060336300693, 
            "roc_auc": 0.8800002237323108, 
            "weighted_f1": 0.7010676361395431, 
            "accuracy": 0.8235980590872797
        }
    }
}