{
    "best_f1_scores": {
        "XGBClassifier": {
            "binary_f1": 0.6566982737661075, 
            "roc_auc": 0.8887626212728446, 
            "weighted_f1": 0.7103829742587552, 
            "accuracy": 0.8265462809409742
        }
    }, 
    "best_weighted_scores": {
        "XGBClassifier": {
            "binary_f1": 0.6566982737661075, 
            "roc_auc": 0.8887626212728446, 
            "weighted_f1": 0.7103829742587552, 
            "accuracy": 0.8265462809409742
        }
    }, 
    "best_auroc_scores": {
        "XGBClassifier": {
            "binary_f1": 0.6394642192732234, 
            "roc_auc": 0.878391551826126, 
            "weighted_f1": 0.696602129250276, 
            "accuracy": 0.8214483139856275
        }
    }, 
    "best_acc_scores": {
        "XGBClassifier": {
            "binary_f1": 0.6566982737661075, 
            "roc_auc": 0.8887626212728446, 
            "weighted_f1": 0.7103829742587552, 
            "accuracy": 0.8265462809409742
        }
    }, 
    "best_avg_scores": {
        "XGBClassifier": {
            "binary_f1": 0.6566982737661075, 
            "roc_auc": 0.8887626212728446, 
            "weighted_f1": 0.7103829742587552, 
            "accuracy": 0.8265462809409742
        }
    }
}