{
    "best_f1_scores": {
        "XGBClassifier": {
            "binary_f1": 0.6389958990928296, 
            "roc_auc": 0.8706452544390477, 
            "weighted_f1": 0.696282004761176, 
            "accuracy": 0.8215711565628647
        }
    }, 
    "best_weighted_scores": {
        "XGBClassifier": {
            "binary_f1": 0.6389958990928296, 
            "roc_auc": 0.8706452544390477, 
            "weighted_f1": 0.696282004761176, 
            "accuracy": 0.8215711565628647
        }
    }, 
    "best_auroc_scores": {
        "XGBClassifier": {
            "binary_f1": 0.6175630652070442, 
            "roc_auc": 0.8595572483936752, 
            "weighted_f1": 0.6764769819271418, 
            "accuracy": 0.8025919783797064
        }
    }, 
    "best_acc_scores": {
        "XGBClassifier": {
            "binary_f1": 0.6232227488151659, 
            "roc_auc": 0.855984645899708, 
            "weighted_f1": 0.6810857577107923, 
            "accuracy": 0.80468030219274
        }
    }, 
    "best_avg_scores": {
        "XGBClassifier": {
            "binary_f1": 0.6232227488151659, 
            "roc_auc": 0.855984645899708, 
            "weighted_f1": 0.6810857577107923, 
            "accuracy": 0.80468030219274
        }
    }
}