{
    "best_f1_scores": {
        "XGBClassifier": {
            "binary_f1": 0.618427902134305, 
            "roc_auc": 0.8705835764592627, 
            "weighted_f1": 0.6807247786581014, 
            "accuracy": 0.8199127817701616
        }
    }, 
    "best_weighted_scores": {
        "XGBClassifier": {
            "binary_f1": 0.618427902134305, 
            "roc_auc": 0.8705835764592627, 
            "weighted_f1": 0.6807247786581014, 
            "accuracy": 0.8199127817701616
        }
    }, 
    "best_auroc_scores": {
        "XGBClassifier": {
            "binary_f1": 0.6278145695364239, 
            "roc_auc": 0.8805314416034624, 
            "weighted_f1": 0.6891954531064128, 
            "accuracy": 0.827406178981635
        }
    }, 
    "best_acc_scores": {
        "XGBClassifier": {
            "binary_f1": 0.618427902134305, 
            "roc_auc": 0.8705835764592627, 
            "weighted_f1": 0.6807247786581014, 
            "accuracy": 0.8199127817701616
        }
    }, 
    "best_avg_scores": {
        "XGBClassifier": {
            "binary_f1": 0.6385061171925307, 
            "roc_auc": 0.8783657651090926, 
            "weighted_f1": 0.6971598508271621, 
            "accuracy": 0.827590442847491
        }
    }
}