{
    "best_f1_scores": {
        "XGBClassifier": {
            "binary_f1": 0.617151807857982, 
            "roc_auc": 0.8706448362478126, 
            "weighted_f1": 0.6797663598350283, 
            "accuracy": 0.819851360481543
        }
    }, 
    "best_weighted_scores": {
        "XGBClassifier": {
            "binary_f1": 0.617151807857982, 
            "roc_auc": 0.8706448362478126, 
            "weighted_f1": 0.6797663598350283, 
            "accuracy": 0.819851360481543
        }
    }, 
    "best_auroc_scores": {
        "XGBClassifier": {
            "binary_f1": 0.617151807857982, 
            "roc_auc": 0.8706448362478126, 
            "weighted_f1": 0.6797663598350283, 
            "accuracy": 0.819851360481543
        }
    }, 
    "best_acc_scores": {
        "XGBClassifier": {
            "binary_f1": 0.617151807857982, 
            "roc_auc": 0.8706448362478126, 
            "weighted_f1": 0.6797663598350283, 
            "accuracy": 0.819851360481543
        }
    }, 
    "best_avg_scores": {
        "XGBClassifier": {
            "binary_f1": 0.617151807857982, 
            "roc_auc": 0.8706448362478126, 
            "weighted_f1": 0.6797663598350283, 
            "accuracy": 0.819851360481543
        }
    }
}