{
    "best_f1_scores": {
        "XGBClassifier": {
            "binary_f1": 0.6097044471043181, 
            "roc_auc": 0.8670784909402005, 
            "weighted_f1": 0.6557588696984097, 
            "accuracy": 0.7396351575456053
        }
    }, 
    "best_weighted_scores": {
        "XGBClassifier": {
            "binary_f1": 0.6148519362186787, 
            "roc_auc": 0.8734925408274875, 
            "weighted_f1": 0.6595780199297722, 
            "accuracy": 0.7403722130090289
        }
    }, 
    "best_auroc_scores": {
        "XGBClassifier": {
            "binary_f1": 0.6152584085315832, 
            "roc_auc": 0.8740248250862885, 
            "weighted_f1": 0.6599626880625378, 
            "accuracy": 0.7407407407407407
        }
    }, 
    "best_acc_scores": {
        "XGBClassifier": {
            "binary_f1": 0.6097044471043181, 
            "roc_auc": 0.8670784909402005, 
            "weighted_f1": 0.6557588696984097, 
            "accuracy": 0.7396351575456053
        }
    }, 
    "best_avg_scores": {
        "XGBClassifier": {
            "binary_f1": 0.6152584085315832, 
            "roc_auc": 0.8740248250862885, 
            "weighted_f1": 0.6599626880625378, 
            "accuracy": 0.7407407407407407
        }
    }
}