{
    "best_f1_scores": {
        "XGBClassifier": {
            "binary_f1": 0.6291841491841491, 
            "roc_auc": 0.88154614081628, 
            "weighted_f1": 0.6737585744694269, 
            "accuracy": 0.7557275351636877
        }
    }, 
    "best_weighted_scores": {
        "XGBClassifier": {
            "binary_f1": 0.6291841491841491, 
            "roc_auc": 0.88154614081628, 
            "weighted_f1": 0.6737585744694269, 
            "accuracy": 0.7557275351636877
        }
    }, 
    "best_auroc_scores": {
        "XGBClassifier": {
            "binary_f1": 0.6338432122370936, 
            "roc_auc": 0.8845474888557263, 
            "weighted_f1": 0.6794040093189586, 
            "accuracy": 0.7647564645906271
        }
    }, 
    "best_acc_scores": {
        "XGBClassifier": {
            "binary_f1": 0.6291841491841491, 
            "roc_auc": 0.88154614081628, 
            "weighted_f1": 0.6737585744694269, 
            "accuracy": 0.7557275351636877
        }
    }, 
    "best_avg_scores": {
        "XGBClassifier": {
            "binary_f1": 0.6291841491841491, 
            "roc_auc": 0.88154614081628, 
            "weighted_f1": 0.6737585744694269, 
            "accuracy": 0.7557275351636877
        }
    }
}