{
    "best_f1_scores": {
        "XGBClassifier": {
            "binary_f1": 0.5930078182622807, 
            "roc_auc": 0.8818144157209795, 
            "weighted_f1": 0.6638718476928378, 
            "accuracy": 0.8305386647011854
        }
    }, 
    "best_weighted_scores": {
        "XGBClassifier": {
            "binary_f1": 0.5930078182622807, 
            "roc_auc": 0.8818144157209795, 
            "weighted_f1": 0.6638718476928378, 
            "accuracy": 0.8305386647011854
        }
    }, 
    "best_auroc_scores": {
        "XGBClassifier": {
            "binary_f1": 0.6185159010600708, 
            "roc_auc": 0.8841513781178509, 
            "weighted_f1": 0.6836167858660789, 
            "accuracy": 0.8342239420183035
        }
    }, 
    "best_acc_scores": {
        "XGBClassifier": {
            "binary_f1": 0.5930078182622807, 
            "roc_auc": 0.8818144157209795, 
            "weighted_f1": 0.6638718476928378, 
            "accuracy": 0.8305386647011854
        }
    }, 
    "best_avg_scores": {
        "XGBClassifier": {
            "binary_f1": 0.5930078182622807, 
            "roc_auc": 0.8818144157209795, 
            "weighted_f1": 0.6638718476928378, 
            "accuracy": 0.8305386647011854
        }
    }
}