{
    "best_f1_scores": {
        "XGBClassifier": {
            "binary_f1": 0.6286023054755043, 
            "roc_auc": 0.8910059715617415, 
            "weighted_f1": 0.6709360151226984, 
            "accuracy": 0.7466986057367484
        }
    }, 
    "best_weighted_scores": {
        "XGBClassifier": {
            "binary_f1": 0.6286023054755043, 
            "roc_auc": 0.8910059715617415, 
            "weighted_f1": 0.6709360151226984, 
            "accuracy": 0.7466986057367484
        }
    }, 
    "best_auroc_scores": {
        "XGBClassifier": {
            "binary_f1": 0.6278317152103561, 
            "roc_auc": 0.8902466826457538, 
            "weighted_f1": 0.670128798944666, 
            "accuracy": 0.7457158651188502
        }
    }, 
    "best_acc_scores": {
        "XGBClassifier": {
            "binary_f1": 0.6286023054755043, 
            "roc_auc": 0.8910059715617415, 
            "weighted_f1": 0.6709360151226984, 
            "accuracy": 0.7466986057367484
        }
    }, 
    "best_avg_scores": {
        "XGBClassifier": {
            "binary_f1": 0.6286023054755043, 
            "roc_auc": 0.8910059715617415, 
            "weighted_f1": 0.6709360151226984, 
            "accuracy": 0.7466986057367484
        }
    }
}