{
    "best_f1_scores": {
        "XGBClassifier": {
            "binary_f1": 0.6199899799599199, 
            "roc_auc": 0.8730031420798448, 
            "weighted_f1": 0.680597679171199, 
            "accuracy": 0.8136478103310607
        }
    }, 
    "best_weighted_scores": {
        "XGBClassifier": {
            "binary_f1": 0.6199899799599199, 
            "roc_auc": 0.8730031420798448, 
            "weighted_f1": 0.680597679171199, 
            "accuracy": 0.8136478103310607
        }
    }, 
    "best_auroc_scores": {
        "XGBClassifier": {
            "binary_f1": 0.6199899799599199, 
            "roc_auc": 0.8730031420798448, 
            "weighted_f1": 0.680597679171199, 
            "accuracy": 0.8136478103310607
        }
    }, 
    "best_acc_scores": {
        "XGBClassifier": {
            "binary_f1": 0.6199899799599199, 
            "roc_auc": 0.8730031420798448, 
            "weighted_f1": 0.680597679171199, 
            "accuracy": 0.8136478103310607
        }
    }, 
    "best_avg_scores": {
        "XGBClassifier": {
            "binary_f1": 0.6199899799599199, 
            "roc_auc": 0.8730031420798448, 
            "weighted_f1": 0.680597679171199, 
            "accuracy": 0.8136478103310607
        }
    }
}