{
    "best_f1_scores": {
        "XGBClassifier": {
            "binary_f1": 0.6418691154248518, 
            "roc_auc": 0.8772077831243528, 
            "weighted_f1": 0.6960915976349605, 
            "accuracy": 0.8107610097659849
        }
    }, 
    "best_weighted_scores": {
        "XGBClassifier": {
            "binary_f1": 0.6418691154248518, 
            "roc_auc": 0.8772077831243528, 
            "weighted_f1": 0.6960915976349605, 
            "accuracy": 0.8107610097659849
        }
    }, 
    "best_auroc_scores": {
        "XGBClassifier": {
            "binary_f1": 0.6418691154248518, 
            "roc_auc": 0.8772077831243528, 
            "weighted_f1": 0.6960915976349605, 
            "accuracy": 0.8107610097659849
        }
    }, 
    "best_acc_scores": {
        "XGBClassifier": {
            "binary_f1": 0.6418691154248518, 
            "roc_auc": 0.8772077831243528, 
            "weighted_f1": 0.6960915976349605, 
            "accuracy": 0.8107610097659849
        }
    }, 
    "best_avg_scores": {
        "XGBClassifier": {
            "binary_f1": 0.6418691154248518, 
            "roc_auc": 0.8772077831243528, 
            "weighted_f1": 0.6960915976349605, 
            "accuracy": 0.8107610097659849
        }
    }
}