{
    "best_f1_scores": {
        "XGBClassifier": {
            "binary_f1": 0.6502725901867533, 
            "roc_auc": 0.8821760727284741, 
            "weighted_f1": 0.7031383348022268, 
            "accuracy": 0.8148148148148148
        }
    }, 
    "best_weighted_scores": {
        "XGBClassifier": {
            "binary_f1": 0.6502725901867533, 
            "roc_auc": 0.8821760727284741, 
            "weighted_f1": 0.7031383348022268, 
            "accuracy": 0.8148148148148148
        }
    }, 
    "best_auroc_scores": {
        "XGBClassifier": {
            "binary_f1": 0.6502725901867533, 
            "roc_auc": 0.8821760727284741, 
            "weighted_f1": 0.7031383348022268, 
            "accuracy": 0.8148148148148148
        }
    }, 
    "best_acc_scores": {
        "XGBClassifier": {
            "binary_f1": 0.6502725901867533, 
            "roc_auc": 0.8821760727284741, 
            "weighted_f1": 0.7031383348022268, 
            "accuracy": 0.8148148148148148
        }
    }, 
    "best_avg_scores": {
        "XGBClassifier": {
            "binary_f1": 0.6502725901867533, 
            "roc_auc": 0.8821760727284741, 
            "weighted_f1": 0.7031383348022268, 
            "accuracy": 0.8148148148148148
        }
    }
}