{
    "best_f1_scores": {
        "XGBClassifier": {
            "binary_f1": 0.5781051562103123, 
            "roc_auc": 0.8338142114345611, 
            "weighted_f1": 0.6459813616747117, 
            "accuracy": 0.7959584792088938
        }
    }, 
    "best_weighted_scores": {
        "XGBClassifier": {
            "binary_f1": 0.5781051562103123, 
            "roc_auc": 0.8338142114345611, 
            "weighted_f1": 0.6459813616747117, 
            "accuracy": 0.7959584792088938
        }
    }, 
    "best_auroc_scores": {
        "XGBClassifier": {
            "binary_f1": 0.5883663366336633, 
            "roc_auc": 0.8398988834503118, 
            "weighted_f1": 0.6535125236478148, 
            "accuracy": 0.7957127940544193
        }
    }, 
    "best_acc_scores": {
        "XGBClassifier": {
            "binary_f1": 0.6004006009013522, 
            "roc_auc": 0.850290747456195, 
            "weighted_f1": 0.664112248647291, 
            "accuracy": 0.8039432467293164
        }
    }, 
    "best_avg_scores": {
        "XGBClassifier": {
            "binary_f1": 0.5965870307167236, 
            "roc_auc": 0.8442466033985148, 
            "weighted_f1": 0.6566465886059023, 
            "accuracy": 0.7822001105583195
        }
    }
}