{
    "best_f1_scores": {
        "XGBClassifier": {
            "binary_f1": 0.6421928536465981, 
            "roc_auc": 0.878104390359772, 
            "weighted_f1": 0.6983962692900129, 
            "accuracy": 0.8204041520791107
        }
    }, 
    "best_weighted_scores": {
        "XGBClassifier": {
            "binary_f1": 0.6421928536465981, 
            "roc_auc": 0.878104390359772, 
            "weighted_f1": 0.6983962692900129, 
            "accuracy": 0.8204041520791107
        }
    }, 
    "best_auroc_scores": {
        "XGBClassifier": {
            "binary_f1": 0.6306880902735189, 
            "roc_auc": 0.8719612656641369, 
            "weighted_f1": 0.6887893060291774, 
            "accuracy": 0.8150604999692893
        }
    }, 
    "best_acc_scores": {
        "XGBClassifier": {
            "binary_f1": 0.6306880902735189, 
            "roc_auc": 0.8719612656641369, 
            "weighted_f1": 0.6887893060291774, 
            "accuracy": 0.8150604999692893
        }
    }, 
    "best_avg_scores": {
        "XGBClassifier": {
            "binary_f1": 0.6306880902735189, 
            "roc_auc": 0.8719612656641369, 
            "weighted_f1": 0.6887893060291774, 
            "accuracy": 0.8150604999692893
        }
    }
}