{
    "best_f1_scores": {
        "XGBClassifier": {
            "binary_f1": 0.6399349139934914, 
            "roc_auc": 0.8756185518832091, 
            "weighted_f1": 0.69444541717811, 
            "accuracy": 0.8097168478594681
        }
    }, 
    "best_weighted_scores": {
        "XGBClassifier": {
            "binary_f1": 0.6399349139934914, 
            "roc_auc": 0.8756185518832091, 
            "weighted_f1": 0.69444541717811, 
            "accuracy": 0.8097168478594681
        }
    }, 
    "best_auroc_scores": {
        "XGBClassifier": {
            "binary_f1": 0.6399349139934914, 
            "roc_auc": 0.8756185518832091, 
            "weighted_f1": 0.69444541717811, 
            "accuracy": 0.8097168478594681
        }
    }, 
    "best_acc_scores": {
        "XGBClassifier": {
            "binary_f1": 0.6399349139934914, 
            "roc_auc": 0.8756185518832091, 
            "weighted_f1": 0.69444541717811, 
            "accuracy": 0.8097168478594681
        }
    }, 
    "best_avg_scores": {
        "XGBClassifier": {
            "binary_f1": 0.6399349139934914, 
            "roc_auc": 0.8756185518832091, 
            "weighted_f1": 0.69444541717811, 
            "accuracy": 0.8097168478594681
        }
    }
}