{
    "best_f1_scores": {
        "XGBClassifier": {
            "binary_f1": 0.6181957577306415, 
            "roc_auc": 0.8629719836963965, 
            "weighted_f1": 0.6798528569381501, 
            "accuracy": 0.8164731896075179
        }
    }, 
    "best_weighted_scores": {
        "XGBClassifier": {
            "binary_f1": 0.6181957577306415, 
            "roc_auc": 0.8629719836963965, 
            "weighted_f1": 0.6798528569381501, 
            "accuracy": 0.8164731896075179
        }
    }, 
    "best_auroc_scores": {
        "XGBClassifier": {
            "binary_f1": 0.619969040247678, 
            "roc_auc": 0.866914904983815, 
            "weighted_f1": 0.6816922536318851, 
            "accuracy": 0.8190528837295007
        }
    }, 
    "best_acc_scores": {
        "XGBClassifier": {
            "binary_f1": 0.6181957577306415, 
            "roc_auc": 0.8629719836963965, 
            "weighted_f1": 0.6798528569381501, 
            "accuracy": 0.8164731896075179
        }
    }, 
    "best_avg_scores": {
        "XGBClassifier": {
            "binary_f1": 0.6181957577306415, 
            "roc_auc": 0.8629719836963965, 
            "weighted_f1": 0.6798528569381501, 
            "accuracy": 0.8164731896075179
        }
    }
}