{
    "best_f1_scores": {
        "XGBClassifier": {
            "binary_f1": 0.6356171099399437, 
            "roc_auc": 0.8708464723792008, 
            "weighted_f1": 0.6929146452054357, 
            "accuracy": 0.8173945089367975
        }
    }, 
    "best_weighted_scores": {
        "XGBClassifier": {
            "binary_f1": 0.6356171099399437, 
            "roc_auc": 0.8708464723792008, 
            "weighted_f1": 0.6929146452054357, 
            "accuracy": 0.8173945089367975
        }
    }, 
    "best_auroc_scores": {
        "XGBClassifier": {
            "binary_f1": 0.6356171099399437, 
            "roc_auc": 0.8708464723792008, 
            "weighted_f1": 0.6929146452054357, 
            "accuracy": 0.8173945089367975
        }
    }, 
    "best_acc_scores": {
        "XGBClassifier": {
            "binary_f1": 0.6356171099399437, 
            "roc_auc": 0.8708464723792008, 
            "weighted_f1": 0.6929146452054357, 
            "accuracy": 0.8173945089367975
        }
    }, 
    "best_avg_scores": {
        "XGBClassifier": {
            "binary_f1": 0.6356171099399437, 
            "roc_auc": 0.8708464723792008, 
            "weighted_f1": 0.6929146452054357, 
            "accuracy": 0.8173945089367975
        }
    }
}