{
    "best_f1_scores": {
        "XGBClassifier": {
            "binary_f1": 0.6471306471306472, 
            "roc_auc": 0.8814487231680663, 
            "weighted_f1": 0.6986036823826182, 
            "accuracy": 0.8047417234813586
        }
    }, 
    "best_weighted_scores": {
        "XGBClassifier": {
            "binary_f1": 0.6471306471306472, 
            "roc_auc": 0.8814487231680663, 
            "weighted_f1": 0.6986036823826182, 
            "accuracy": 0.8047417234813586
        }
    }, 
    "best_auroc_scores": {
        "XGBClassifier": {
            "binary_f1": 0.6471306471306472, 
            "roc_auc": 0.8814487231680663, 
            "weighted_f1": 0.6986036823826182, 
            "accuracy": 0.8047417234813586
        }
    }, 
    "best_acc_scores": {
        "XGBClassifier": {
            "binary_f1": 0.6471306471306472, 
            "roc_auc": 0.8814487231680663, 
            "weighted_f1": 0.6986036823826182, 
            "accuracy": 0.8047417234813586
        }
    }, 
    "best_avg_scores": {
        "XGBClassifier": {
            "binary_f1": 0.6471306471306472, 
            "roc_auc": 0.8814487231680663, 
            "weighted_f1": 0.6986036823826182, 
            "accuracy": 0.8047417234813586
        }
    }
}