{
    "best_f1_scores": {
        "XGBClassifier": {
            "binary_f1": 0.6176667112120807, 
            "roc_auc": 0.8756379768660791, 
            "weighted_f1": 0.6810353027001237, 
            "accuracy": 0.8242736932620847
        }
    }, 
    "best_weighted_scores": {
        "XGBClassifier": {
            "binary_f1": 0.6176667112120807, 
            "roc_auc": 0.8756379768660791, 
            "weighted_f1": 0.6810353027001237, 
            "accuracy": 0.8242736932620847
        }
    }, 
    "best_auroc_scores": {
        "XGBClassifier": {
            "binary_f1": 0.6409224993295789, 
            "roc_auc": 0.8849544412013715, 
            "weighted_f1": 0.7005463122978236, 
            "accuracy": 0.8355137890792949
        }
    }, 
    "best_acc_scores": {
        "XGBClassifier": {
            "binary_f1": 0.6176667112120807, 
            "roc_auc": 0.8756379768660791, 
            "weighted_f1": 0.6810353027001237, 
            "accuracy": 0.8242736932620847
        }
    }, 
    "best_avg_scores": {
        "XGBClassifier": {
            "binary_f1": 0.6176667112120807, 
            "roc_auc": 0.8756379768660791, 
            "weighted_f1": 0.6810353027001237, 
            "accuracy": 0.8242736932620847
        }
    }
}