{
    "best_f1_scores": {
        "XGBClassifier": {
            "binary_f1": 0.6360962858076462, 
            "roc_auc": 0.8718420236608417, 
            "weighted_f1": 0.6883046341739847, 
            "accuracy": 0.7947914747251398
        }
    }, 
    "best_weighted_scores": {
        "XGBClassifier": {
            "binary_f1": 0.6360962858076462, 
            "roc_auc": 0.8718420236608417, 
            "weighted_f1": 0.6883046341739847, 
            "accuracy": 0.7947914747251398
        }
    }, 
    "best_auroc_scores": {
        "XGBClassifier": {
            "binary_f1": 0.6443412908930151, 
            "roc_auc": 0.8791804225446058, 
            "weighted_f1": 0.6960285613676009, 
            "accuracy": 0.8023462932252319
        }
    }, 
    "best_acc_scores": {
        "XGBClassifier": {
            "binary_f1": 0.6436024162548051, 
            "roc_auc": 0.8781455769690377, 
            "weighted_f1": 0.695113763944239, 
            "accuracy": 0.8006879184325287
        }
    }, 
    "best_avg_scores": {
        "XGBClassifier": {
            "binary_f1": 0.6360962858076462, 
            "roc_auc": 0.8718420236608417, 
            "weighted_f1": 0.6883046341739847, 
            "accuracy": 0.7947914747251398
        }
    }
}