{
    "best_f1_scores": {
        "XGBClassifier": {
            "binary_f1": 0.560122699386503, 
            "roc_auc": 0.8631398299759896, 
            "weighted_f1": 0.6380177257679865, 
            "accuracy": 0.8238437442417542
        }
    }, 
    "best_weighted_scores": {
        "XGBClassifier": {
            "binary_f1": 0.5749416342412451, 
            "roc_auc": 0.8840877398666513, 
            "weighted_f1": 0.6506688037616717, 
            "accuracy": 0.8322584607825072
        }
    }, 
    "best_auroc_scores": {
        "XGBClassifier": {
            "binary_f1": 0.5749416342412451, 
            "roc_auc": 0.8840877398666513, 
            "weighted_f1": 0.6506688037616717, 
            "accuracy": 0.8322584607825072
        }
    }, 
    "best_acc_scores": {
        "XGBClassifier": {
            "binary_f1": 0.5749416342412451, 
            "roc_auc": 0.8840877398666513, 
            "weighted_f1": 0.6506688037616717, 
            "accuracy": 0.8322584607825072
        }
    }, 
    "best_avg_scores": {
        "XGBClassifier": {
            "binary_f1": 0.5749416342412451, 
            "roc_auc": 0.8840877398666513, 
            "weighted_f1": 0.6506688037616717, 
            "accuracy": 0.8322584607825072
        }
    }
}