{
    "best_f1_scores": {
        "XGBClassifier": {
            "binary_f1": 0.6355322521643703, 
            "roc_auc": 0.8717564146876289, 
            "weighted_f1": 0.6926450651958811, 
            "accuracy": 0.8164117683188993
        }
    }, 
    "best_weighted_scores": {
        "XGBClassifier": {
            "binary_f1": 0.6355322521643703, 
            "roc_auc": 0.8717564146876289, 
            "weighted_f1": 0.6926450651958811, 
            "accuracy": 0.8164117683188993
        }
    }, 
    "best_auroc_scores": {
        "XGBClassifier": {
            "binary_f1": 0.6529595015576323, 
            "roc_auc": 0.8832436888147018, 
            "weighted_f1": 0.708127417625073, 
            "accuracy": 0.8289417111971009
        }
    }, 
    "best_acc_scores": {
        "XGBClassifier": {
            "binary_f1": 0.6355322521643703, 
            "roc_auc": 0.8717564146876289, 
            "weighted_f1": 0.6926450651958811, 
            "accuracy": 0.8164117683188993
        }
    }, 
    "best_avg_scores": {
        "XGBClassifier": {
            "binary_f1": 0.6355322521643703, 
            "roc_auc": 0.8717564146876289, 
            "weighted_f1": 0.6926450651958811, 
            "accuracy": 0.8164117683188993
        }
    }
}