{
    "best_f1_scores": {
        "XGBClassifier": {
            "binary_f1": 0.5807746811525745, 
            "roc_auc": 0.833625601960146, 
            "weighted_f1": 0.6450012351818255, 
            "accuracy": 0.781954425403845
        }
    }, 
    "best_weighted_scores": {
        "XGBClassifier": {
            "binary_f1": 0.5807746811525745, 
            "roc_auc": 0.833625601960146, 
            "weighted_f1": 0.6450012351818255, 
            "accuracy": 0.781954425403845
        }
    }, 
    "best_auroc_scores": {
        "XGBClassifier": {
            "binary_f1": 0.5828338527930952, 
            "roc_auc": 0.8505848404422707, 
            "weighted_f1": 0.6474377802565843, 
            "accuracy": 0.7862539156071494
        }
    }, 
    "best_acc_scores": {
        "XGBClassifier": {
            "binary_f1": 0.5807746811525745, 
            "roc_auc": 0.833625601960146, 
            "weighted_f1": 0.6450012351818255, 
            "accuracy": 0.781954425403845
        }
    }, 
    "best_avg_scores": {
        "XGBClassifier": {
            "binary_f1": 0.5807746811525745, 
            "roc_auc": 0.833625601960146, 
            "weighted_f1": 0.6450012351818255, 
            "accuracy": 0.781954425403845
        }
    }
}