{
    "best_f1_scores": {
        "XGBClassifier": {
            "binary_f1": 0.6376324631687774, 
            "roc_auc": 0.879018347304057, 
            "weighted_f1": 0.6965502095974283, 
            "accuracy": 0.8277747067133469
        }
    }, 
    "best_weighted_scores": {
        "XGBClassifier": {
            "binary_f1": 0.6376324631687774, 
            "roc_auc": 0.879018347304057, 
            "weighted_f1": 0.6965502095974283, 
            "accuracy": 0.8277747067133469
        }
    }, 
    "best_auroc_scores": {
        "XGBClassifier": {
            "binary_f1": 0.6434178355424012, 
            "roc_auc": 0.8782587604268144, 
            "weighted_f1": 0.7012478539871881, 
            "accuracy": 0.8298016092377618
        }
    }, 
    "best_acc_scores": {
        "XGBClassifier": {
            "binary_f1": 0.6376324631687774, 
            "roc_auc": 0.879018347304057, 
            "weighted_f1": 0.6965502095974283, 
            "accuracy": 0.8277747067133469
        }
    }, 
    "best_avg_scores": {
        "XGBClassifier": {
            "binary_f1": 0.6376324631687774, 
            "roc_auc": 0.879018347304057, 
            "weighted_f1": 0.6965502095974283, 
            "accuracy": 0.8277747067133469
        }
    }
}