{
    "best_f1_scores": {
        "XGBClassifier": {
            "binary_f1": 0.5647425897035881, 
            "roc_auc": 0.8128373731652121, 
            "weighted_f1": 0.6244796389759001, 
            "accuracy": 0.7429519071310116
        }
    }, 
    "best_weighted_scores": {
        "XGBClassifier": {
            "binary_f1": 0.5647425897035881, 
            "roc_auc": 0.8128373731652121, 
            "weighted_f1": 0.6244796389759001, 
            "accuracy": 0.7429519071310116
        }
    }, 
    "best_auroc_scores": {
        "XGBClassifier": {
            "binary_f1": 0.5613701236917221, 
            "roc_auc": 0.8123206247107946, 
            "weighted_f1": 0.6225628419572711, 
            "accuracy": 0.7451630735212825
        }
    }, 
    "best_acc_scores": {
        "XGBClassifier": {
            "binary_f1": 0.5647425897035881, 
            "roc_auc": 0.8128373731652121, 
            "weighted_f1": 0.6244796389759001, 
            "accuracy": 0.7429519071310116
        }
    }, 
    "best_avg_scores": {
        "XGBClassifier": {
            "binary_f1": 0.5647425897035881, 
            "roc_auc": 0.8128373731652121, 
            "weighted_f1": 0.6244796389759001, 
            "accuracy": 0.7429519071310116
        }
    }
}