{
    "best_f1_scores": {
        "XGBClassifier": {
            "binary_f1": 0.6408541291484435, 
            "roc_auc": 0.882605523762567, 
            "weighted_f1": 0.6990864396718375, 
            "accuracy": 0.8285117621767705
        }
    }, 
    "best_weighted_scores": {
        "XGBClassifier": {
            "binary_f1": 0.6408541291484435, 
            "roc_auc": 0.882605523762567, 
            "weighted_f1": 0.6990864396718375, 
            "accuracy": 0.8285117621767705
        }
    }, 
    "best_auroc_scores": {
        "XGBClassifier": {
            "binary_f1": 0.6195834950200491, 
            "roc_auc": 0.8746117460299538, 
            "weighted_f1": 0.6814690735595108, 
            "accuracy": 0.8193599901725939
        }
    }, 
    "best_acc_scores": {
        "XGBClassifier": {
            "binary_f1": 0.6408541291484435, 
            "roc_auc": 0.882605523762567, 
            "weighted_f1": 0.6990864396718375, 
            "accuracy": 0.8285117621767705
        }
    }, 
    "best_avg_scores": {
        "XGBClassifier": {
            "binary_f1": 0.6408541291484435, 
            "roc_auc": 0.882605523762567, 
            "weighted_f1": 0.6990864396718375, 
            "accuracy": 0.8285117621767705
        }
    }
}