{
    "best_f1_scores": {
        "XGBClassifier": {
            "binary_f1": 0.6437686344663089, 
            "roc_auc": 0.8772926759450757, 
            "weighted_f1": 0.6987347547747936, 
            "accuracy": 0.8165346108961365
        }
    }, 
    "best_weighted_scores": {
        "XGBClassifier": {
            "binary_f1": 0.6437686344663089, 
            "roc_auc": 0.8772926759450757, 
            "weighted_f1": 0.6987347547747936, 
            "accuracy": 0.8165346108961365
        }
    }, 
    "best_auroc_scores": {
        "XGBClassifier": {
            "binary_f1": 0.6448007774538387, 
            "roc_auc": 0.8810382736982177, 
            "weighted_f1": 0.7003182931800036, 
            "accuracy": 0.8204041520791107
        }
    }, 
    "best_acc_scores": {
        "XGBClassifier": {
            "binary_f1": 0.6437686344663089, 
            "roc_auc": 0.8772926759450757, 
            "weighted_f1": 0.6987347547747936, 
            "accuracy": 0.8165346108961365
        }
    }, 
    "best_avg_scores": {
        "XGBClassifier": {
            "binary_f1": 0.6437686344663089, 
            "roc_auc": 0.8772926759450757, 
            "weighted_f1": 0.6987347547747936, 
            "accuracy": 0.8165346108961365
        }
    }
}