{
    "best_f1_scores": {
        "XGBClassifier": {
            "binary_f1": 0.5897954028795152, 
            "roc_auc": 0.8495264402453864, 
            "weighted_f1": 0.6555626432616616, 
            "accuracy": 0.8005036545666728
        }
    }, 
    "best_weighted_scores": {
        "XGBClassifier": {
            "binary_f1": 0.5897954028795152, 
            "roc_auc": 0.8495264402453864, 
            "weighted_f1": 0.6555626432616616, 
            "accuracy": 0.8005036545666728
        }
    }, 
    "best_auroc_scores": {
        "XGBClassifier": {
            "binary_f1": 0.6189075092746578, 
            "roc_auc": 0.8628026110187954, 
            "weighted_f1": 0.6804927703815016, 
            "accuracy": 0.8170259812050856
        }
    }, 
    "best_acc_scores": {
        "XGBClassifier": {
            "binary_f1": 0.6068483577917542, 
            "roc_auc": 0.8624141218161795, 
            "weighted_f1": 0.6735667189889203, 
            "accuracy": 0.8272219151157791
        }
    }, 
    "best_avg_scores": {
        "XGBClassifier": {
            "binary_f1": 0.5897954028795152, 
            "roc_auc": 0.8495264402453864, 
            "weighted_f1": 0.6555626432616616, 
            "accuracy": 0.8005036545666728
        }
    }
}