{
    "best_f1_scores": {
        "XGBClassifier": {
            "binary_f1": 0.5439093484419263, 
            "roc_auc": 0.813036693562636, 
            "weighted_f1": 0.6137596029311729, 
            "accuracy": 0.7626681407775935
        }
    }, 
    "best_weighted_scores": {
        "XGBClassifier": {
            "binary_f1": 0.5662319835277969, 
            "roc_auc": 0.8332175257255565, 
            "weighted_f1": 0.6310935916433873, 
            "accuracy": 0.7670904735581352
        }
    }, 
    "best_auroc_scores": {
        "XGBClassifier": {
            "binary_f1": 0.5626647495806375, 
            "roc_auc": 0.8178262691424425, 
            "weighted_f1": 0.630369198342888, 
            "accuracy": 0.7758122965419815
        }
    }, 
    "best_acc_scores": {
        "XGBClassifier": {
            "binary_f1": 0.5439093484419263, 
            "roc_auc": 0.813036693562636, 
            "weighted_f1": 0.6137596029311729, 
            "accuracy": 0.7626681407775935
        }
    }, 
    "best_avg_scores": {
        "XGBClassifier": {
            "binary_f1": 0.5626647495806375, 
            "roc_auc": 0.8178262691424425, 
            "weighted_f1": 0.630369198342888, 
            "accuracy": 0.7758122965419815
        }
    }
}