{
    "best_f1_scores": {
        "XGBClassifier": {
            "binary_f1": 0.6151595501508641, 
            "roc_auc": 0.8692221078469193, 
            "weighted_f1": 0.6600908772556958, 
            "accuracy": 0.7414777962041643
        }
    }, 
    "best_weighted_scores": {
        "XGBClassifier": {
            "binary_f1": 0.6180249632892804, 
            "roc_auc": 0.8732503244641245, 
            "weighted_f1": 0.6628788569811409, 
            "accuracy": 0.7443645967692403
        }
    }, 
    "best_auroc_scores": {
        "XGBClassifier": {
            "binary_f1": 0.6177753544165758, 
            "roc_auc": 0.8759229741927916, 
            "weighted_f1": 0.6619787378420464, 
            "accuracy": 0.7416620600700202
        }
    }, 
    "best_acc_scores": {
        "XGBClassifier": {
            "binary_f1": 0.6180249632892804, 
            "roc_auc": 0.8732503244641245, 
            "weighted_f1": 0.6628788569811409, 
            "accuracy": 0.7443645967692403
        }
    }, 
    "best_avg_scores": {
        "XGBClassifier": {
            "binary_f1": 0.6180249632892804, 
            "roc_auc": 0.8732503244641245, 
            "weighted_f1": 0.6628788569811409, 
            "accuracy": 0.7443645967692403
        }
    }
}