{
    "best_f1_scores": {
        "XGBClassifier": {
            "binary_f1": 0.6032500990883867, 
            "roc_auc": 0.851070397057941, 
            "weighted_f1": 0.6548789473031504, 
            "accuracy": 0.7540691603709846
        }
    }, 
    "best_weighted_scores": {
        "XGBClassifier": {
            "binary_f1": 0.6032500990883867, 
            "roc_auc": 0.851070397057941, 
            "weighted_f1": 0.6548789473031504, 
            "accuracy": 0.7540691603709846
        }
    }, 
    "best_auroc_scores": {
        "XGBClassifier": {
            "binary_f1": 0.6032500990883867, 
            "roc_auc": 0.851070397057941, 
            "weighted_f1": 0.6548789473031504, 
            "accuracy": 0.7540691603709846
        }
    }, 
    "best_acc_scores": {
        "XGBClassifier": {
            "binary_f1": 0.6032500990883867, 
            "roc_auc": 0.851070397057941, 
            "weighted_f1": 0.6548789473031504, 
            "accuracy": 0.7540691603709846
        }
    }, 
    "best_avg_scores": {
        "XGBClassifier": {
            "binary_f1": 0.6032500990883867, 
            "roc_auc": 0.851070397057941, 
            "weighted_f1": 0.6548789473031504, 
            "accuracy": 0.7540691603709846
        }
    }
}