{
    "best_f1_scores": {
        "XGBClassifier": {
            "binary_f1": 0.5818744401921667, 
            "roc_auc": 0.8384071848599717, 
            "weighted_f1": 0.6208359288387709, 
            "accuracy": 0.6846016829433081
        }
    }, 
    "best_weighted_scores": {
        "XGBClassifier": {
            "binary_f1": 0.5818744401921667, 
            "roc_auc": 0.8384071848599717, 
            "weighted_f1": 0.6208359288387709, 
            "accuracy": 0.6846016829433081
        }
    }, 
    "best_auroc_scores": {
        "XGBClassifier": {
            "binary_f1": 0.5807660961695192, 
            "roc_auc": 0.8512829166162224, 
            "weighted_f1": 0.6199170551925576, 
            "accuracy": 0.6840488913457404
        }
    }, 
    "best_acc_scores": {
        "XGBClassifier": {
            "binary_f1": 0.5818744401921667, 
            "roc_auc": 0.8384071848599717, 
            "weighted_f1": 0.6208359288387709, 
            "accuracy": 0.6846016829433081
        }
    }, 
    "best_avg_scores": {
        "XGBClassifier": {
            "binary_f1": 0.5807660961695192, 
            "roc_auc": 0.8512829166162224, 
            "weighted_f1": 0.6199170551925576, 
            "accuracy": 0.6840488913457404
        }
    }
}