{
    "best_f1_scores": {
        "XGBClassifier": {
            "binary_f1": 0.623203190206807, 
            "roc_auc": 0.8732882857734896, 
            "weighted_f1": 0.668143102137182, 
            "accuracy": 0.7504453043424851
        }
    }, 
    "best_weighted_scores": {
        "XGBClassifier": {
            "binary_f1": 0.623203190206807, 
            "roc_auc": 0.8732882857734896, 
            "weighted_f1": 0.668143102137182, 
            "accuracy": 0.7504453043424851
        }
    }, 
    "best_auroc_scores": {
        "XGBClassifier": {
            "binary_f1": 0.6228619497149267, 
            "roc_auc": 0.8724795875630762, 
            "weighted_f1": 0.6683543265732127, 
            "accuracy": 0.7521651004238069
        }
    }, 
    "best_acc_scores": {
        "XGBClassifier": {
            "binary_f1": 0.623203190206807, 
            "roc_auc": 0.8732882857734896, 
            "weighted_f1": 0.668143102137182, 
            "accuracy": 0.7504453043424851
        }
    }, 
    "best_avg_scores": {
        "XGBClassifier": {
            "binary_f1": 0.623203190206807, 
            "roc_auc": 0.8732882857734896, 
            "weighted_f1": 0.668143102137182, 
            "accuracy": 0.7504453043424851
        }
    }
}