{
    "best_f1_scores": {
        "XGBClassifier": {
            "binary_f1": 0.5901670106961906, 
            "roc_auc": 0.8534525711547158, 
            "weighted_f1": 0.6398731194594603, 
            "accuracy": 0.7317118113138014
        }
    }, 
    "best_weighted_scores": {
        "XGBClassifier": {
            "binary_f1": 0.5901670106961906, 
            "roc_auc": 0.8534525711547158, 
            "weighted_f1": 0.6398731194594603, 
            "accuracy": 0.7317118113138014
        }
    }, 
    "best_auroc_scores": {
        "XGBClassifier": {
            "binary_f1": 0.5901670106961906, 
            "roc_auc": 0.8534525711547158, 
            "weighted_f1": 0.6398731194594603, 
            "accuracy": 0.7317118113138014
        }
    }, 
    "best_acc_scores": {
        "XGBClassifier": {
            "binary_f1": 0.5901670106961906, 
            "roc_auc": 0.8534525711547158, 
            "weighted_f1": 0.6398731194594603, 
            "accuracy": 0.7317118113138014
        }
    }, 
    "best_avg_scores": {
        "XGBClassifier": {
            "binary_f1": 0.5901670106961906, 
            "roc_auc": 0.8534525711547158, 
            "weighted_f1": 0.6398731194594603, 
            "accuracy": 0.7317118113138014
        }
    }
}