{
    "best_f1_scores": {
        "XGBClassifier": {
            "binary_f1": 0.6060552719591621, 
            "roc_auc": 0.8769088286651692, 
            "weighted_f1": 0.6492404240862374, 
            "accuracy": 0.7250783121429888
        }
    }, 
    "best_weighted_scores": {
        "XGBClassifier": {
            "binary_f1": 0.6060552719591621, 
            "roc_auc": 0.8769088286651692, 
            "weighted_f1": 0.6492404240862374, 
            "accuracy": 0.7250783121429888
        }
    }, 
    "best_auroc_scores": {
        "XGBClassifier": {
            "binary_f1": 0.6060552719591621, 
            "roc_auc": 0.8769088286651692, 
            "weighted_f1": 0.6492404240862374, 
            "accuracy": 0.7250783121429888
        }
    }, 
    "best_acc_scores": {
        "XGBClassifier": {
            "binary_f1": 0.6060552719591621, 
            "roc_auc": 0.8769088286651692, 
            "weighted_f1": 0.6492404240862374, 
            "accuracy": 0.7250783121429888
        }
    }, 
    "best_avg_scores": {
        "XGBClassifier": {
            "binary_f1": 0.6060552719591621, 
            "roc_auc": 0.8769088286651692, 
            "weighted_f1": 0.6492404240862374, 
            "accuracy": 0.7250783121429888
        }
    }
}