{
    "best_f1_scores": {
        "XGBClassifier": {
            "binary_f1": 0.5809810907097834, 
            "roc_auc": 0.8454982602199141, 
            "weighted_f1": 0.6298339056062054, 
            "accuracy": 0.7182605491063202
        }
    }, 
    "best_weighted_scores": {
        "XGBClassifier": {
            "binary_f1": 0.5809810907097834, 
            "roc_auc": 0.8454982602199141, 
            "weighted_f1": 0.6298339056062054, 
            "accuracy": 0.7182605491063202
        }
    }, 
    "best_auroc_scores": {
        "XGBClassifier": {
            "binary_f1": 0.5870032223415682, 
            "roc_auc": 0.8522984992580241, 
            "weighted_f1": 0.6336079506524144, 
            "accuracy": 0.7166021743136171
        }
    }, 
    "best_acc_scores": {
        "XGBClassifier": {
            "binary_f1": 0.5809810907097834, 
            "roc_auc": 0.8454982602199141, 
            "weighted_f1": 0.6298339056062054, 
            "accuracy": 0.7182605491063202
        }
    }, 
    "best_avg_scores": {
        "XGBClassifier": {
            "binary_f1": 0.5809810907097834, 
            "roc_auc": 0.8454982602199141, 
            "weighted_f1": 0.6298339056062054, 
            "accuracy": 0.7182605491063202
        }
    }
}