{
    "best_f1_scores": {
        "XGBClassifier": {
            "binary_f1": 0.4174306734578381, 
            "roc_auc": 0.780500139989516, 
            "weighted_f1": 0.3917589496405437, 
            "accuracy": 0.36772925495976905
        }
    }, 
    "best_weighted_scores": {
        "XGBClassifier": {
            "binary_f1": 0.4174306734578381, 
            "roc_auc": 0.780500139989516, 
            "weighted_f1": 0.3917589496405437, 
            "accuracy": 0.36772925495976905
        }
    }, 
    "best_auroc_scores": {
        "XGBClassifier": {
            "binary_f1": 0.4297798377752028, 
            "roc_auc": 0.778596021203132, 
            "weighted_f1": 0.4125438862990779, 
            "accuracy": 0.39549167741539215
        }
    }, 
    "best_acc_scores": {
        "XGBClassifier": {
            "binary_f1": 0.4174306734578381, 
            "roc_auc": 0.780500139989516, 
            "weighted_f1": 0.3917589496405437, 
            "accuracy": 0.36772925495976905
        }
    }, 
    "best_avg_scores": {
        "XGBClassifier": {
            "binary_f1": 0.4174306734578381, 
            "roc_auc": 0.780500139989516, 
            "weighted_f1": 0.3917589496405437, 
            "accuracy": 0.36772925495976905
        }
    }
}