{
    "best_f1_scores": {
        "XGBClassifier": {
            "binary_f1": 0.7085214446952597, 
            "roc_auc": 0.9264248611761922, 
            "weighted_f1": 0.7582178439595832, 
            "accuracy": 0.8731036177138997
        }
    }, 
    "best_weighted_scores": {
        "XGBClassifier": {
            "binary_f1": 0.7085214446952597, 
            "roc_auc": 0.9264248611761922, 
            "weighted_f1": 0.7582178439595832, 
            "accuracy": 0.8731036177138997
        }
    }, 
    "best_auroc_scores": {
        "XGBClassifier": {
            "binary_f1": 0.7097688926697859, 
            "roc_auc": 0.9274637161602266, 
            "weighted_f1": 0.7593728482748021, 
            "accuracy": 0.8742706221976537
        }
    }, 
    "best_acc_scores": {
        "XGBClassifier": {
            "binary_f1": 0.708363014674455, 
            "roc_auc": 0.9271472499430736, 
            "weighted_f1": 0.7583243080647554, 
            "accuracy": 0.8742706221976537
        }
    }, 
    "best_avg_scores": {
        "XGBClassifier": {
            "binary_f1": 0.7085214446952597, 
            "roc_auc": 0.9264248611761922, 
            "weighted_f1": 0.7582178439595832, 
            "accuracy": 0.8731036177138997
        }
    }
}