{
    "best_f1_scores": {
        "XGBClassifier": {
            "binary_f1": 0.5360089640419681, 
            "roc_auc": 0.7813289322887753, 
            "weighted_f1": 0.5983082682398464, 
            "accuracy": 0.7202260303421166
        }
    }, 
    "best_weighted_scores": {
        "XGBClassifier": {
            "binary_f1": 0.5360089640419681, 
            "roc_auc": 0.7813289322887753, 
            "weighted_f1": 0.5983082682398464, 
            "accuracy": 0.7202260303421166
        }
    }, 
    "best_auroc_scores": {
        "XGBClassifier": {
            "binary_f1": 0.5397945418698765, 
            "roc_auc": 0.7826162817320896, 
            "weighted_f1": 0.6028075545449045, 
            "accuracy": 0.7275965849763528
        }
    }, 
    "best_acc_scores": {
        "XGBClassifier": {
            "binary_f1": 0.5360089640419681, 
            "roc_auc": 0.7813289322887753, 
            "weighted_f1": 0.5983082682398464, 
            "accuracy": 0.7202260303421166
        }
    }, 
    "best_avg_scores": {
        "XGBClassifier": {
            "binary_f1": 0.5360089640419681, 
            "roc_auc": 0.7813289322887753, 
            "weighted_f1": 0.5983082682398464, 
            "accuracy": 0.7202260303421166
        }
    }
}