{
    "best_f1_scores": {
        "XGBClassifier": {
            "binary_f1": 0.5700914699000212, 
            "roc_auc": 0.8137303891834, 
            "weighted_f1": 0.6304197599744849, 
            "accuracy": 0.7517351514034765
        }
    }, 
    "best_weighted_scores": {
        "XGBClassifier": {
            "binary_f1": 0.5700914699000212, 
            "roc_auc": 0.8137303891834, 
            "weighted_f1": 0.6304197599744849, 
            "accuracy": 0.7517351514034765
        }
    }, 
    "best_auroc_scores": {
        "XGBClassifier": {
            "binary_f1": 0.57114183764496, 
            "roc_auc": 0.8059463761743071, 
            "weighted_f1": 0.633942739129795, 
            "accuracy": 0.7637737239727289
        }
    }, 
    "best_acc_scores": {
        "XGBClassifier": {
            "binary_f1": 0.5700914699000212, 
            "roc_auc": 0.8137303891834, 
            "weighted_f1": 0.6304197599744849, 
            "accuracy": 0.7517351514034765
        }
    }, 
    "best_avg_scores": {
        "XGBClassifier": {
            "binary_f1": 0.5700914699000212, 
            "roc_auc": 0.8137303891834, 
            "weighted_f1": 0.6304197599744849, 
            "accuracy": 0.7517351514034765
        }
    }
}