{
    "best_f1_scores": {
        "XGBClassifier": {
            "binary_f1": 0.552701131197801, 
            "roc_auc": 0.7887854545142804, 
            "weighted_f1": 0.615103250017164, 
            "accuracy": 0.7401265278545544
        }
    }, 
    "best_weighted_scores": {
        "XGBClassifier": {
            "binary_f1": 0.552039016291377, 
            "roc_auc": 0.7910874770334602, 
            "weighted_f1": 0.6133754707937661, 
            "accuracy": 0.7348442970333517
        }
    }, 
    "best_auroc_scores": {
        "XGBClassifier": {
            "binary_f1": 0.5515397775876818, 
            "roc_auc": 0.7835150583345408, 
            "weighted_f1": 0.614792256152042, 
            "accuracy": 0.7423991155334438
        }
    }, 
    "best_acc_scores": {
        "XGBClassifier": {
            "binary_f1": 0.552701131197801, 
            "roc_auc": 0.7887854545142804, 
            "weighted_f1": 0.615103250017164, 
            "accuracy": 0.7401265278545544
        }
    }, 
    "best_avg_scores": {
        "XGBClassifier": {
            "binary_f1": 0.552039016291377, 
            "roc_auc": 0.7910874770334602, 
            "weighted_f1": 0.6133754707937661, 
            "accuracy": 0.7348442970333517
        }
    }
}