{
    "best_f1_scores": {
        "XGBClassifier": {
            "binary_f1": 0.5463927957098047, 
            "roc_auc": 0.7931671106812106, 
            "weighted_f1": 0.6068514501716271, 
            "accuracy": 0.7246483631226583
        }
    }, 
    "best_weighted_scores": {
        "XGBClassifier": {
            "binary_f1": 0.5463927957098047, 
            "roc_auc": 0.7931671106812106, 
            "weighted_f1": 0.6068514501716271, 
            "accuracy": 0.7246483631226583
        }
    }, 
    "best_auroc_scores": {
        "XGBClassifier": {
            "binary_f1": 0.570164609053498, 
            "roc_auc": 0.8188877587270761, 
            "weighted_f1": 0.628495187141083, 
            "accuracy": 0.743381856151342
        }
    }, 
    "best_acc_scores": {
        "XGBClassifier": {
            "binary_f1": 0.5463927957098047, 
            "roc_auc": 0.7931671106812106, 
            "weighted_f1": 0.6068514501716271, 
            "accuracy": 0.7246483631226583
        }
    }, 
    "best_avg_scores": {
        "XGBClassifier": {
            "binary_f1": 0.5463927957098047, 
            "roc_auc": 0.7931671106812106, 
            "weighted_f1": 0.6068514501716271, 
            "accuracy": 0.7246483631226583
        }
    }
}