,Column,Metric,Score
0,0,RangeCoverage,1.0
1,1,RangeCoverage,1.0
2,2,RangeCoverage,1.0
3,3,RangeCoverage,0.2506485579124065
4,4,RangeCoverage,0.2894185859236592
5,5,RangeCoverage,0.19198968580957987
6,6,RangeCoverage,0.5861489639723726
7,7,RangeCoverage,0.5172342450448959
8,8,RangeCoverage,0.9690702306382242
9,9,CategoryCoverage,0.8
