,Column,Metric,Score
0,0,KSComplement,0.8968315342029893
1,1,KSComplement,0.907587181992233
2,2,KSComplement,0.8571754418619718
3,3,KSComplement,0.8793951493446817
4,4,KSComplement,0.8514499343943777
5,5,KSComplement,0.9278574590566482
6,6,KSComplement,0.8823706587078423
7,7,KSComplement,0.7793601703688914
8,8,KSComplement,0.8792992160181805
9,9,TVComplement,0.9360969360335875
