,Column,Metric,Score
0,0,KSComplement,0.8540414882310255
1,1,KSComplement,0.865416622152313
2,2,KSComplement,0.9110110356028709
3,3,KSComplement,0.9234106785259888
4,4,KSComplement,0.9228051087504086
5,5,KSComplement,0.9296589420782722
6,6,KSComplement,0.9238966317356037
7,7,KSComplement,0.926471481602945
8,8,KSComplement,0.8747260379137382
9,9,KSComplement,0.9710848142162901
10,10,TVComplement,0.8923984302706605
