,Column,Metric,Score
0,0,KSComplement,0.8552050237963617
1,1,KSComplement,0.8813882170842341
2,2,KSComplement,0.9214749579368509
3,3,KSComplement,0.8671353731137144
4,4,KSComplement,0.8602761057509558
5,5,KSComplement,0.8886280107806364
6,6,KSComplement,0.8977704633490273
7,7,KSComplement,0.8960384265219781
8,8,KSComplement,0.881485769803168
9,9,TVComplement,0.9484106891120256
