,Column,Metric,Score
0,0,KSComplement,0.8728149291012968
1,1,KSComplement,0.9079243899723966
2,2,KSComplement,0.8669283075869308
3,3,KSComplement,0.9580385079870823
4,4,KSComplement,0.9558346446839794
5,5,KSComplement,0.9547750350412271
6,6,KSComplement,0.9507304182148848
7,7,KSComplement,0.9336852926359287
8,8,KSComplement,0.941331487025122
9,9,TVComplement,0.9041115287563634
