,Column,Metric,Score
0,0,RangeCoverage,0.9810756972111556
1,1,RangeCoverage,1.0
2,2,RangeCoverage,1.0
3,3,RangeCoverage,0.7882394831883616
4,4,RangeCoverage,0.805121597680786
5,5,RangeCoverage,0.42024720423778694
6,6,RangeCoverage,0.9889863729699458
7,7,RangeCoverage,0.7251210328133406
8,8,RangeCoverage,1.0
9,9,CategoryCoverage,1.0
