,Column,Metric,Score
0,0,KSComplement,0.8453724150296404
1,1,KSComplement,0.8577001064889512
2,2,KSComplement,0.8485619328864242
3,3,KSComplement,0.845669961674062
4,4,KSComplement,0.8370826397310326
5,5,KSComplement,0.8215985032015813
6,6,KSComplement,0.8060855228647626
7,7,KSComplement,0.9525532381050335
8,8,KSComplement,0.9188064714443325
9,9,TVComplement,0.8105339753213034
