{
    "best_f1_scores": {
        "XGBClassifier": {
            "binary_f1": 0.45606694560669453, 
            "roc_auc": 0.7924056268750066, 
            "weighted_f1": 0.5160454970744494, 
            "accuracy": 0.7891321978913219
        }
    }, 
    "best_weighted_scores": {
        "XGBClassifier": {
            "binary_f1": 0.4953271028037383, 
            "roc_auc": 0.813895985498182, 
            "weighted_f1": 0.5532061846138995, 
            "accuracy": 0.8248175182481752
        }
    }, 
    "best_auroc_scores": {
        "XGBClassifier": {
            "binary_f1": 0.5472636815920398, 
            "roc_auc": 0.8273032766900237, 
            "weighted_f1": 0.6001881635598765, 
            "accuracy": 0.8523925385239254
        }
    }, 
    "best_acc_scores": {
        "XGBClassifier": {
            "binary_f1": 0.4953271028037383, 
            "roc_auc": 0.813895985498182, 
            "weighted_f1": 0.5532061846138995, 
            "accuracy": 0.8248175182481752
        }
    }, 
    "best_avg_scores": {
        "XGBClassifier": {
            "binary_f1": 0.4953271028037383, 
            "roc_auc": 0.813895985498182, 
            "weighted_f1": 0.5532061846138995, 
            "accuracy": 0.8248175182481752
        }
    }
}