,Column,Metric,Score
0,0,KSComplement,0.8349038208122925
1,1,KSComplement,0.8681612186660422
2,2,KSComplement,0.8346038072632935
3,3,KSComplement,0.8841029795490357
4,4,KSComplement,0.883892370959339
5,5,KSComplement,0.9223786305990398
6,6,KSComplement,0.932285692273335
7,7,KSComplement,0.8114241483499905
8,8,KSComplement,0.8752825757866972
9,9,TVComplement,0.909644170972861
