{
    "best_f1_scores": {
        "XGBClassifier": {
            "macro_f1": 0.3083654495653009, 
            "roc_auc": 0.5825051213112269, 
            "weighted_f1": 0.27455664426307635, 
            "accuracy": 0.4246575342465753
        }
    }, 
    "best_weighted_scores": {
        "XGBClassifier": {
            "macro_f1": 0.3083654495653009, 
            "roc_auc": 0.5825051213112269, 
            "weighted_f1": 0.27455664426307635, 
            "accuracy": 0.4246575342465753
        }
    }, 
    "best_auroc_scores": {
        "XGBClassifier": {
            "macro_f1": 0.3083654495653009, 
            "roc_auc": 0.5825051213112269, 
            "weighted_f1": 0.27455664426307635, 
            "accuracy": 0.4246575342465753
        }
    }, 
    "best_acc_scores": {
        "XGBClassifier": {
            "macro_f1": 0.3083654495653009, 
            "roc_auc": 0.5825051213112269, 
            "weighted_f1": 0.27455664426307635, 
            "accuracy": 0.4246575342465753
        }
    }, 
    "best_avg_scores": {
        "XGBClassifier": {
            "macro_f1": 0.3083654495653009, 
            "roc_auc": 0.5825051213112269, 
            "weighted_f1": 0.27455664426307635, 
            "accuracy": 0.4246575342465753
        }
    }
}