{
    "best_f1_scores": {
        "XGBClassifier": {
            "macro_f1": 0.7136178494879072, 
            "roc_auc": 0.8832276731302777, 
            "weighted_f1": 0.7013494505343034, 
            "accuracy": 0.7548923679060665
        }
    }, 
    "best_weighted_scores": {
        "XGBClassifier": {
            "macro_f1": 0.7136178494879072, 
            "roc_auc": 0.8832276731302777, 
            "weighted_f1": 0.7013494505343034, 
            "accuracy": 0.7548923679060665
        }
    }, 
    "best_auroc_scores": {
        "XGBClassifier": {
            "macro_f1": 0.7240510823778845, 
            "roc_auc": 0.8897001232924576, 
            "weighted_f1": 0.712428434740896, 
            "accuracy": 0.7622309197651663
        }
    }, 
    "best_acc_scores": {
        "XGBClassifier": {
            "macro_f1": 0.7108205739786075, 
            "roc_auc": 0.8824338303113447, 
            "weighted_f1": 0.6985057102329225, 
            "accuracy": 0.7524461839530333
        }
    }, 
    "best_avg_scores": {
        "XGBClassifier": {
            "macro_f1": 0.7177454264098766, 
            "roc_auc": 0.8872164994971675, 
            "weighted_f1": 0.7063661615024274, 
            "accuracy": 0.7553816046966731
        }
    }
}