{
    "best_f1_scores": {
        "XGBClassifier": {
            "macro_f1": 0.7033386183868886, 
            "roc_auc": 0.888428503421913, 
            "weighted_f1": 0.6888686513671001, 
            "accuracy": 0.7539138943248532
        }
    }, 
    "best_weighted_scores": {
        "XGBClassifier": {
            "macro_f1": 0.7033386183868886, 
            "roc_auc": 0.888428503421913, 
            "weighted_f1": 0.6888686513671001, 
            "accuracy": 0.7539138943248532
        }
    }, 
    "best_auroc_scores": {
        "XGBClassifier": {
            "macro_f1": 0.7033386183868886, 
            "roc_auc": 0.888428503421913, 
            "weighted_f1": 0.6888686513671001, 
            "accuracy": 0.7539138943248532
        }
    }, 
    "best_acc_scores": {
        "XGBClassifier": {
            "macro_f1": 0.7033386183868886, 
            "roc_auc": 0.888428503421913, 
            "weighted_f1": 0.6888686513671001, 
            "accuracy": 0.7539138943248532
        }
    }, 
    "best_avg_scores": {
        "XGBClassifier": {
            "macro_f1": 0.7033386183868886, 
            "roc_auc": 0.888428503421913, 
            "weighted_f1": 0.6888686513671001, 
            "accuracy": 0.7539138943248532
        }
    }
}