{
    "best_f1_scores": {
        "XGBClassifier": {
            "macro_f1": 0.6921401739495266, 
            "roc_auc": 0.8869603072191997, 
            "weighted_f1": 0.6772999814521128, 
            "accuracy": 0.7353228962818004
        }
    }, 
    "best_weighted_scores": {
        "XGBClassifier": {
            "macro_f1": 0.6921401739495266, 
            "roc_auc": 0.8869603072191997, 
            "weighted_f1": 0.6772999814521128, 
            "accuracy": 0.7353228962818004
        }
    }, 
    "best_auroc_scores": {
        "XGBClassifier": {
            "macro_f1": 0.6903856861737296, 
            "roc_auc": 0.8888801554767586, 
            "weighted_f1": 0.6737150358465129, 
            "accuracy": 0.7436399217221135
        }
    }, 
    "best_acc_scores": {
        "XGBClassifier": {
            "macro_f1": 0.6921401739495266, 
            "roc_auc": 0.8869603072191997, 
            "weighted_f1": 0.6772999814521128, 
            "accuracy": 0.7353228962818004
        }
    }, 
    "best_avg_scores": {
        "XGBClassifier": {
            "macro_f1": 0.7101643220065548, 
            "roc_auc": 0.8952236072098501, 
            "weighted_f1": 0.6951516581166137, 
            "accuracy": 0.7573385518590998
        }
    }
}