{
    "best_f1_scores": {
        "XGBClassifier": {
            "macro_f1": 0.24950149953762382, 
            "roc_auc": 0.7208820875901265, 
            "weighted_f1": 0.2544529070681871, 
            "accuracy": 0.35909980430528377
        }
    }, 
    "best_weighted_scores": {
        "XGBClassifier": {
            "macro_f1": 0.24950149953762382, 
            "roc_auc": 0.7208820875901265, 
            "weighted_f1": 0.2544529070681871, 
            "accuracy": 0.35909980430528377
        }
    }, 
    "best_auroc_scores": {
        "XGBClassifier": {
            "macro_f1": 0.2573392911067579, 
            "roc_auc": 0.7321734728233067, 
            "weighted_f1": 0.26196304553882976, 
            "accuracy": 0.3586105675146771
        }
    }, 
    "best_acc_scores": {
        "XGBClassifier": {
            "macro_f1": 0.24950149953762382, 
            "roc_auc": 0.7208820875901265, 
            "weighted_f1": 0.2544529070681871, 
            "accuracy": 0.35909980430528377
        }
    }, 
    "best_avg_scores": {
        "XGBClassifier": {
            "macro_f1": 0.25567848466244486, 
            "roc_auc": 0.7270147656313247, 
            "weighted_f1": 0.26146433985938117, 
            "accuracy": 0.35909980430528377
        }
    }
}