{
    "best_f1_scores": {
        "XGBClassifier": {
            "macro_f1": 0.1530889341479973, 
            "roc_auc": 0.0, 
            "weighted_f1": 0.11404276764319171, 
            "accuracy": 0.44129158512720157
        }
    }, 
    "best_weighted_scores": {
        "XGBClassifier": {
            "macro_f1": 0.1530889341479973, 
            "roc_auc": 0.0, 
            "weighted_f1": 0.11404276764319171, 
            "accuracy": 0.44129158512720157
        }
    }, 
    "best_auroc_scores": {
        "XGBClassifier": {
            "macro_f1": 0.1530889341479973, 
            "roc_auc": 0.0, 
            "weighted_f1": 0.11404276764319171, 
            "accuracy": 0.44129158512720157
        }
    }, 
    "best_acc_scores": {
        "XGBClassifier": {
            "macro_f1": 0.1530889341479973, 
            "roc_auc": 0.0, 
            "weighted_f1": 0.11404276764319171, 
            "accuracy": 0.44129158512720157
        }
    }, 
    "best_avg_scores": {
        "XGBClassifier": {
            "macro_f1": 0.1530889341479973, 
            "roc_auc": 0.0, 
            "weighted_f1": 0.11404276764319171, 
            "accuracy": 0.44129158512720157
        }
    }
}