,Column,Metric,Score
0,0,KSComplement,0.4721926321796944
1,1,KSComplement,0.23254961694786447
2,2,KSComplement,0.7315091247138646
3,3,KSComplement,0.8748589829333162
4,4,KSComplement,0.867789085128613
5,5,KSComplement,0.7305296542557267
6,6,KSComplement,0.7532794237637073
7,7,KSComplement,0.708570272847376
8,8,KSComplement,0.3857192696323515
9,9,TVComplement,0.5103000216499585
