,Column,Metric,Score
0,0,RangeCoverage,1.0
1,1,RangeCoverage,0.9968119022316683
2,2,RangeCoverage,0.9607843137254902
3,3,RangeCoverage,0.22127269952693418
4,4,RangeCoverage,0.30761797390884194
5,5,RangeCoverage,0.1900277474144455
6,6,RangeCoverage,0.546014560388277
7,7,RangeCoverage,0.6569633522296244
8,8,RangeCoverage,0.9484517589618187
9,9,CategoryCoverage,0.8
