,Column,Metric,Score
0,0,KSComplement,0.8651095763771821
1,1,KSComplement,0.8828728124502773
2,2,KSComplement,0.8703159900342998
3,3,KSComplement,0.9067437658986954
4,4,KSComplement,0.8811940713349165
5,5,KSComplement,0.931111191674572
6,6,KSComplement,0.9177688755153544
7,7,KSComplement,0.787572280530027
8,8,KSComplement,0.8740541346175149
9,9,TVComplement,0.9088585567458807
